dataset,class,filename,path,width,height,brightness,contrast,blur_score,overexposed_percent,dark_percent,hash,flags
train,healthy_nails,000002.jpg,D:\NUTRITION_DEFICIENCY_DETECTOR\Model_Training\dataset\train\healthy_nails\000002.jpg,224,224,135.68,65.82,594.76,3.27,0.0,788653f1681a9bd75ea47e395cae566f,OK
train,healthy_nails,000004.jpg,D:\NUTRITION_DEFICIENCY_DETECTOR\Model_Training\dataset\train\healthy_nails\000004.jpg,224,224,233.53,40.44,129.3,72.6,0.0,e67c9eee8ea94c8b1e3f3c18bdce1784,VERY_BRIGHT|OVEREXPOSED
train,healthy_nails,000006.jpg,D:\NUTRITION_DEFICIENCY_DETECTOR\Model_Training\dataset\train\healthy_nails\000006.jpg,224,224,228.36,37.49,57.07,54.1,0.0,4b44a08ba96ba3c30f99facdaffdfb35,VERY_BRIGHT
train,healthy_nails,000007.jpg,D:\NUTRITION_DEFICIENCY_DETECTOR\Model_Training\dataset\train\healthy_nails\000007.jpg,224,224,178.19,50.86,49.69,7.12,0.0,f577e1e484526e153e58ea827cba41a5,BLURRY
train,healthy_nails,000016.jpg,D:\NUTRITION_DEFICIENCY_DETECTOR\Model_Training\dataset\train\healthy_nails\000016.jpg,224,224,211.65,59.78,85.17,47.81,0.0,74b56a19af0b2ac66452579574d2c7ed,OK
train,healthy_nails,000021.png,D:\NUTRITION_DEFICIENCY_DETECTOR\Model_Training\dataset\train\healthy_nails\000021.png,224,224,161.64,69.77,142.87,15.94,0.0,be58fbaf70baeb2e450e6fec00dcfc74,OK
train,healthy_nails,000022.jpg,D:\NUTRITION_DEFICIENCY_DETECTOR\Model_Training\dataset\train\healthy_nails\000022.jpg,224,224,194.02,63.75,314.37,36.88,0.0,0c4366c3886b2e7f5ad6335a61a46727,OK
train,healthy_nails,000024.jpg,D:\NUTRITION_DEFICIENCY_DETECTOR\Model_Training\dataset\train\healthy_nails\000024.jpg,224,224,144.19,70.64,88.38,8.42,0.0,7782a4b67040c7146df8fdfaccfb3311,OK
train,healthy_nails,000025.jpg,D:\NUTRITION_DEFICIENCY_DETECTOR\Model_Training\dataset\train\healthy_nails\000025.jpg,224,224,154.58,47.62,459.55,4.0,0.0,e3feabe8a6b9310785718695c4f9e6f8,OK
train,healthy_nails,000034.jpg,D:\NUTRITION_DEFICIENCY_DETECTOR\Model_Training\dataset\train\healthy_nails\000034.jpg,224,224,229.64,37.78,63.72,60.68,0.0,292268d95c52c81de0d1a31a46ab4f5a,VERY_BRIGHT|OVEREXPOSED
train,healthy_nails,000036.jpg,D:\NUTRITION_DEFICIENCY_DETECTOR\Model_Training\dataset\train\healthy_nails\000036.jpg,224,224,206.04,48.9,194.95,30.8,0.0,a392ed183217a63419f7eb30e9dad732,OK
train,healthy_nails,000038.png,D:\NUTRITION_DEFICIENCY_DETECTOR\Model_Training\dataset\train\healthy_nails\000038.png,224,224,212.38,38.45,72.96,24.15,0.0,c7259ff9decf88a1a6d028af3bcb0dd1,OK
train,healthy_nails,000040.jpg,D:\NUTRITION_DEFICIENCY_DETECTOR\Model_Training\dataset\train\healthy_nails\000040.jpg,224,224,186.97,50.0,72.97,16.68,0.0,677243887bb6ecf1eeb5332eae4cbb2c,OK
train,healthy_nails,000041.jpg,D:\NUTRITION_DEFICIENCY_DETECTOR\Model_Training\dataset\train\healthy_nails\000041.jpg,224,224,214.06,49.96,151.2,46.48,0.0,0236720791e2f797d06976f148a5c1d7,OK
train,healthy_nails,000042.png,D:\NUTRITION_DEFICIENCY_DETECTOR\Model_Training\dataset\train\healthy_nails\000042.png,224,224,228.26,40.97,134.41,60.49,0.0,eba0c2372c0d19f72108ef705e4014f3,VERY_BRIGHT|OVEREXPOSED
train,healthy_nails,000047.jpg,D:\NUTRITION_DEFICIENCY_DETECTOR\Model_Training\dataset\train\healthy_nails\000047.jpg,224,224,167.91,47.29,205.67,1.96,0.19,d595d45c864c2773d4df6a4e1ae11ce6,OK
train,healthy_nails,aug_0_1006.jpg,D:\NUTRITION_DEFICIENCY_DETECTOR\Model_Training\dataset\train\healthy_nails\aug_0_1006.jpg,224,224,180.22,52.97,53.52,9.28,0.0,a41f931b3dab07e65d4508b2344c95b8,OK
train,healthy_nails,aug_0_1166.jpg,D:\NUTRITION_DEFICIENCY_DETECTOR\Model_Training\dataset\train\healthy_nails\aug_0_1166.jpg,224,224,219.4,36.38,85.78,34.06,0.0,d84d2fadcb0926b58c5c4ff78e29d110,OK
train,healthy_nails,aug_0_1204.jpg,D:\NUTRITION_DEFICIENCY_DETECTOR\Model_Training\dataset\train\healthy_nails\aug_0_1204.jpg,224,224,234.3,38.25,148.54,68.14,0.0,2c235c9731b8be8e11f5500315425a6d,VERY_BRIGHT|OVEREXPOSED
train,healthy_nails,aug_0_1206.jpg,D:\NUTRITION_DEFICIENCY_DETECTOR\Model_Training\dataset\train\healthy_nails\aug_0_1206.jpg,224,224,135.86,65.98,398.72,3.27,1.69,fa6e6215b96c9f5a581e240db5e8d714,OK
train,healthy_nails,aug_0_1352.jpg,D:\NUTRITION_DEFICIENCY_DETECTOR\Model_Training\dataset\train\healthy_nails\aug_0_1352.jpg,224,224,200.6,50.59,81.99,8.89,0.01,672275f3e57d61a91c0c126855ffcd57,OK
train,healthy_nails,aug_0_14.jpg,D:\NUTRITION_DEFICIENCY_DETECTOR\Model_Training\dataset\train\healthy_nails\aug_0_14.jpg,224,224,166.86,55.19,163.78,2.66,2.14,788be538e0355759019fd11a8ded78fb,OK
train,healthy_nails,aug_0_1516.jpg,D:\NUTRITION_DEFICIENCY_DETECTOR\Model_Training\dataset\train\healthy_nails\aug_0_1516.jpg,224,224,223.57,41.96,54.22,51.29,0.0,a6ae66dff98c65d8c8f379c703a19be2,VERY_BRIGHT
train,healthy_nails,aug_0_1613.jpg,D:\NUTRITION_DEFICIENCY_DETECTOR\Model_Training\dataset\train\healthy_nails\aug_0_1613.jpg,224,224,231.71,42.19,115.87,58.15,0.0,f9d0fd64b3df68f2b7c64def5334cb6d,VERY_BRIGHT
train,healthy_nails,aug_0_176.jpg,D:\NUTRITION_DEFICIENCY_DETECTOR\Model_Training\dataset\train\healthy_nails\aug_0_176.jpg,224,224,231.47,30.88,79.94,51.53,0.0,9e4bd4e5fb5ebca617baa570d4a8da66,VERY_BRIGHT
train,healthy_nails,aug_0_1838.jpg,D:\NUTRITION_DEFICIENCY_DETECTOR\Model_Training\dataset\train\healthy_nails\aug_0_1838.jpg,224,224,166.86,55.97,170.97,2.77,2.18,f3eadd846035d5600f6b9e76a9cd18f3,OK
train,healthy_nails,aug_0_213.jpg,D:\NUTRITION_DEFICIENCY_DETECTOR\Model_Training\dataset\train\healthy_nails\aug_0_213.jpg,224,224,180.72,66.22,156.29,26.83,0.02,f4c5dd0a7993f571295c0bb0cf6bf634,OK
train,healthy_nails,aug_0_2130.jpg,D:\NUTRITION_DEFICIENCY_DETECTOR\Model_Training\dataset\train\healthy_nails\aug_0_2130.jpg,224,224,232.09,38.35,56.94,66.77,0.0,de3f7b7202961510bc7298cefda84234,VERY_BRIGHT|OVEREXPOSED
train,healthy_nails,aug_0_2245.jpg,D:\NUTRITION_DEFICIENCY_DETECTOR\Model_Training\dataset\train\healthy_nails\aug_0_2245.jpg,224,224,135.59,69.59,336.59,3.53,2.55,49269040a68737dbab6149c472b73dd5,OK
train,healthy_nails,aug_0_2278.jpg,D:\NUTRITION_DEFICIENCY_DETECTOR\Model_Training\dataset\train\healthy_nails\aug_0_2278.jpg,224,224,176.15,59.93,94.21,8.66,0.04,daf41a42ece133e816d16231c28e7a27,OK
train,healthy_nails,aug_0_2346.jpg,D:\NUTRITION_DEFICIENCY_DETECTOR\Model_Training\dataset\train\healthy_nails\aug_0_2346.jpg,224,224,166.69,64.16,228.49,14.08,0.09,51945e5a76486bf3b7f00aae01e06019,OK
train,healthy_nails,aug_0_2374.jpg,D:\NUTRITION_DEFICIENCY_DETECTOR\Model_Training\dataset\train\healthy_nails\aug_0_2374.jpg,224,224,228.52,40.56,56.32,61.2,0.0,4809a88937317aa3956fc93a62666272,VERY_BRIGHT|OVEREXPOSED
train,healthy_nails,aug_0_2393.jpg,D:\NUTRITION_DEFICIENCY_DETECTOR\Model_Training\dataset\train\healthy_nails\aug_0_2393.jpg,224,224,171.59,65.17,275.38,14.45,1.34,99ccfda9f84a67c954d37619048803a3,OK
train,healthy_nails,aug_0_2541.jpg,D:\NUTRITION_DEFICIENCY_DETECTOR\Model_Training\dataset\train\healthy_nails\aug_0_2541.jpg,224,224,204.81,62.12,72.4,38.91,0.0,97489ba398a8bdbdba92a20105ef4ea1,OK
train,healthy_nails,aug_0_2659.jpg,D:\NUTRITION_DEFICIENCY_DETECTOR\Model_Training\dataset\train\healthy_nails\aug_0_2659.jpg,224,224,210.93,51.96,75.55,41.02,0.0,d694bbb7adb3d90afc84f43981c81403,OK
train,healthy_nails,aug_0_2729.jpg,D:\NUTRITION_DEFICIENCY_DETECTOR\Model_Training\dataset\train\healthy_nails\aug_0_2729.jpg,224,224,226.82,43.97,139.39,61.58,0.0,67994fd39599563aba9bf778030cafe1,VERY_BRIGHT|OVEREXPOSED
train,healthy_nails,aug_0_2755.jpg,D:\NUTRITION_DEFICIENCY_DETECTOR\Model_Training\dataset\train\healthy_nails\aug_0_2755.jpg,224,224,223.57,39.97,57.85,48.7,0.0,833f5ad9ecbdeac6282ca481964cba32,VERY_BRIGHT
train,healthy_nails,aug_0_2773.jpg,D:\NUTRITION_DEFICIENCY_DETECTOR\Model_Training\dataset\train\healthy_nails\aug_0_2773.jpg,224,224,149.72,49.67,471.85,5.07,0.0,ece3e4a34564a41c3399dc0945343ad5,OK
train,healthy_nails,aug_0_3334.jpg,D:\NUTRITION_DEFICIENCY_DETECTOR\Model_Training\dataset\train\healthy_nails\aug_0_3334.jpg,224,224,204.69,49.11,90.99,11.19,0.01,826fe93d321ddce2aea1469353e85937,OK
train,healthy_nails,aug_0_3341.jpg,D:\NUTRITION_DEFICIENCY_DETECTOR\Model_Training\dataset\train\healthy_nails\aug_0_3341.jpg,224,224,208.7,53.96,169.59,33.51,0.0,85048079c08840a8772575242163eb38,OK
train,healthy_nails,aug_0_3498.jpg,D:\NUTRITION_DEFICIENCY_DETECTOR\Model_Training\dataset\train\healthy_nails\aug_0_3498.jpg,224,224,180.69,52.38,50.9,15.69,0.0,75c6181720ea4363c65c27a996ab191f,OK
train,healthy_nails,aug_0_3527.jpg,D:\NUTRITION_DEFICIENCY_DETECTOR\Model_Training\dataset\train\healthy_nails\aug_0_3527.jpg,224,224,217.05,43.46,58.87,41.98,0.0,1332f3a418c12840cd5a9a536e3b02ba,OK
train,healthy_nails,aug_0_3528.jpg,D:\NUTRITION_DEFICIENCY_DETECTOR\Model_Training\dataset\train\healthy_nails\aug_0_3528.jpg,224,224,185.34,53.63,160.68,10.48,1.92,374c6dea789feb5f5a14d6d393703438,OK
train,healthy_nails,aug_0_3580.jpg,D:\NUTRITION_DEFICIENCY_DETECTOR\Model_Training\dataset\train\healthy_nails\aug_0_3580.jpg,224,224,151.17,73.03,104.94,16.57,0.0,a86c7411222b1a886ef5a8f218a2965e,OK
train,healthy_nails,aug_0_3611.jpg,D:\NUTRITION_DEFICIENCY_DETECTOR\Model_Training\dataset\train\healthy_nails\aug_0_3611.jpg,224,224,227.29,38.76,43.53,54.33,0.0,5d0a4f43051bb3f8424b606ea268ac9d,BLURRY|VERY_BRIGHT
train,healthy_nails,aug_0_3994.jpg,D:\NUTRITION_DEFICIENCY_DETECTOR\Model_Training\dataset\train\healthy_nails\aug_0_3994.jpg,224,224,196.49,51.98,143.41,13.65,0.0,573da5e18d8440b0f57feee6009e3817,OK
train,healthy_nails,aug_0_4056.jpg,D:\NUTRITION_DEFICIENCY_DETECTOR\Model_Training\dataset\train\healthy_nails\aug_0_4056.jpg,224,224,178.45,45.92,57.98,7.77,0.0,f7df02643729b801e8906226ea540773,OK
train,healthy_nails,aug_0_4077.jpg,D:\NUTRITION_DEFICIENCY_DETECTOR\Model_Training\dataset\train\healthy_nails\aug_0_4077.jpg,224,224,172.1,65.73,135.38,16.54,0.06,80e880ee1ea2f1ad4c4f497d1ccbbd5b,OK
train,healthy_nails,aug_0_4098.jpg,D:\NUTRITION_DEFICIENCY_DETECTOR\Model_Training\dataset\train\healthy_nails\aug_0_4098.jpg,224,224,185.47,50.8,64.59,6.7,0.03,3d1525bac3fab0604d14b9ca588cde49,OK
train,healthy_nails,aug_0_4107.jpg,D:\NUTRITION_DEFICIENCY_DETECTOR\Model_Training\dataset\train\healthy_nails\aug_0_4107.jpg,224,224,196.49,61.0,258.85,36.27,0.0,99d0b84b646815aacc9982c1605b1909,OK
train,healthy_nails,aug_0_434.jpg,D:\NUTRITION_DEFICIENCY_DETECTOR\Model_Training\dataset\train\healthy_nails\aug_0_434.jpg,224,224,219.19,42.86,54.27,43.73,0.0,b3471afc0d46b0d61e1e13766fcde019,OK
train,healthy_nails,aug_0_4361.jpg,D:\NUTRITION_DEFICIENCY_DETECTOR\Model_Training\dataset\train\healthy_nails\aug_0_4361.jpg,224,224,194.48,55.22,142.57,18.05,0.0,6696b8ef5a66d000640ddd4c25b608fc,OK
train,healthy_nails,aug_0_4533.jpg,D:\NUTRITION_DEFICIENCY_DETECTOR\Model_Training\dataset\train\healthy_nails\aug_0_4533.jpg,224,224,223.13,45.46,110.4,56.45,0.0,7f62f37ab96cfb0117e6859c52035b4f,VERY_BRIGHT
train,healthy_nails,aug_0_4600.jpg,D:\NUTRITION_DEFICIENCY_DETECTOR\Model_Training\dataset\train\healthy_nails\aug_0_4600.jpg,224,224,215.56,50.67,87.43,47.94,0.0,bd048f9609eb39ca7c0752e26a48f4e0,OK
train,healthy_nails,aug_0_4689.jpg,D:\NUTRITION_DEFICIENCY_DETECTOR\Model_Training\dataset\train\healthy_nails\aug_0_4689.jpg,224,224,220.64,45.5,131.29,49.99,0.0,9b09bfb38d0f0b82298784a3ae913659,VERY_BRIGHT
train,healthy_nails,aug_0_4745.jpg,D:\NUTRITION_DEFICIENCY_DETECTOR\Model_Training\dataset\train\healthy_nails\aug_0_4745.jpg,224,224,178.74,43.65,73.96,6.1,0.0,591022a18e8f8329dc4f846189a0a0ca,OK
train,healthy_nails,aug_0_4789.jpg,D:\NUTRITION_DEFICIENCY_DETECTOR\Model_Training\dataset\train\healthy_nails\aug_0_4789.jpg,224,224,150.58,71.34,149.97,12.14,0.85,071f5f54d58c9782abadf4747c735623,OK
train,healthy_nails,aug_0_487.jpg,D:\NUTRITION_DEFICIENCY_DETECTOR\Model_Training\dataset\train\healthy_nails\aug_0_487.jpg,224,224,198.26,53.79,157.93,18.93,0.0,359d79620f9bc5d610a5fe00622e9233,OK
train,healthy_nails,aug_0_4876.jpg,D:\NUTRITION_DEFICIENCY_DETECTOR\Model_Training\dataset\train\healthy_nails\aug_0_4876.jpg,224,224,202.39,50.88,162.6,28.82,0.0,3daa8e4fd16bc58fd6524410df18ff05,OK
train,healthy_nails,aug_0_502.jpg,D:\NUTRITION_DEFICIENCY_DETECTOR\Model_Training\dataset\train\healthy_nails\aug_0_502.jpg,224,224,228.51,43.78,128.8,63.66,0.0,8af7b259dc0fe38a181aff9f02552e37,VERY_BRIGHT|OVEREXPOSED
train,healthy_nails,aug_0_5038.jpg,D:\NUTRITION_DEFICIENCY_DETECTOR\Model_Training\dataset\train\healthy_nails\aug_0_5038.jpg,224,224,164.78,71.99,98.2,16.29,0.71,3989aa6834b58c80d4638e6c2d137e35,OK
train,healthy_nails,aug_0_5218.jpg,D:\NUTRITION_DEFICIENCY_DETECTOR\Model_Training\dataset\train\healthy_nails\aug_0_5218.jpg,224,224,237.86,34.86,122.39,70.86,0.0,6f1598ec06b78dffafb577f86e175692,VERY_BRIGHT|OVEREXPOSED
train,healthy_nails,aug_0_5335.jpg,D:\NUTRITION_DEFICIENCY_DETECTOR\Model_Training\dataset\train\healthy_nails\aug_0_5335.jpg,224,224,221.77,46.03,107.16,52.73,0.0,386e9aad7d978402584dd4e356521a9b,VERY_BRIGHT
train,healthy_nails,aug_0_5377.jpg,D:\NUTRITION_DEFICIENCY_DETECTOR\Model_Training\dataset\train\healthy_nails\aug_0_5377.jpg,224,224,123.23,74.91,676.33,6.35,6.24,dce97c6defebcdcc8279aa4efe877d89,OK
train,healthy_nails,aug_0_5434.jpg,D:\NUTRITION_DEFICIENCY_DETECTOR\Model_Training\dataset\train\healthy_nails\aug_0_5434.jpg,224,224,174.63,53.05,50.73,7.61,0.0,e0c22b381d5ffbf8556f5d86a25d6f01,OK
train,healthy_nails,aug_0_5664.jpg,D:\NUTRITION_DEFICIENCY_DETECTOR\Model_Training\dataset\train\healthy_nails\aug_0_5664.jpg,224,224,209.77,47.95,82.32,32.22,0.0,b3c48354c397e8c2fd6bba2baede9bc1,OK
train,healthy_nails,aug_0_57.jpg,D:\NUTRITION_DEFICIENCY_DETECTOR\Model_Training\dataset\train\healthy_nails\aug_0_57.jpg,224,224,204.99,35.23,108.22,13.58,0.0,211cea740b4be4bff4e3d5ec4f17f5b8,OK
train,healthy_nails,aug_0_5727.jpg,D:\NUTRITION_DEFICIENCY_DETECTOR\Model_Training\dataset\train\healthy_nails\aug_0_5727.jpg,224,224,229.8,31.67,78.27,48.0,0.0,967d335862665a72b5b1dec46fd3e4d8,VERY_BRIGHT
train,healthy_nails,aug_0_5908.jpg,D:\NUTRITION_DEFICIENCY_DETECTOR\Model_Training\dataset\train\healthy_nails\aug_0_5908.jpg,224,224,232.1,42.64,129.93,69.75,0.0,4fa02245ed7c0fb72e9ba66ac13199c7,VERY_BRIGHT|OVEREXPOSED
train,healthy_nails,aug_0_595.jpg,D:\NUTRITION_DEFICIENCY_DETECTOR\Model_Training\dataset\train\healthy_nails\aug_0_595.jpg,224,224,205.53,51.57,63.63,26.53,0.01,b10cae1bcadf3d6f9a3a67a749fdc228,OK
train,healthy_nails,aug_0_6118.jpg,D:\NUTRITION_DEFICIENCY_DETECTOR\Model_Training\dataset\train\healthy_nails\aug_0_6118.jpg,224,224,205.05,50.1,77.85,33.76,0.12,824b68de21f53642ba7f77135025be27,OK
train,healthy_nails,aug_0_6176.jpg,D:\NUTRITION_DEFICIENCY_DETECTOR\Model_Training\dataset\train\healthy_nails\aug_0_6176.jpg,224,224,186.96,53.38,80.32,9.06,0.03,ead3d8490a0e11826d24de922c254f72,OK
train,healthy_nails,aug_0_6183.jpg,D:\NUTRITION_DEFICIENCY_DETECTOR\Model_Training\dataset\train\healthy_nails\aug_0_6183.jpg,224,224,207.16,54.24,77.59,22.26,0.01,10ac851eaac049c72984a692bbae4178,OK
train,healthy_nails,aug_0_63.jpg,D:\NUTRITION_DEFICIENCY_DETECTOR\Model_Training\dataset\train\healthy_nails\aug_0_63.jpg,224,224,193.24,64.85,384.93,31.32,0.45,6802266b153db941ac1a25aeab525a9a,OK
train,healthy_nails,aug_0_6339.jpg,D:\NUTRITION_DEFICIENCY_DETECTOR\Model_Training\dataset\train\healthy_nails\aug_0_6339.jpg,224,224,181.07,53.38,46.81,8.8,0.0,11d41e15965476603b6182379c0024b8,BLURRY
train,healthy_nails,aug_0_6362.jpg,D:\NUTRITION_DEFICIENCY_DETECTOR\Model_Training\dataset\train\healthy_nails\aug_0_6362.jpg,224,224,226.55,42.5,125.73,59.36,0.0,bf31029fe8348cb92d86286bed1421ea,VERY_BRIGHT
train,healthy_nails,aug_0_6455.jpg,D:\NUTRITION_DEFICIENCY_DETECTOR\Model_Training\dataset\train\healthy_nails\aug_0_6455.jpg,224,224,196.48,66.22,235.01,41.43,0.0,51d28bc2286582891cf8a61c9c07ed41,OK
train,healthy_nails,aug_0_6467.jpg,D:\NUTRITION_DEFICIENCY_DETECTOR\Model_Training\dataset\train\healthy_nails\aug_0_6467.jpg,224,224,152.72,71.28,59.29,9.41,0.0,3fea6f618836ee819a1cc2ab6c5bb562,OK
train,healthy_nails,aug_0_6517.jpg,D:\NUTRITION_DEFICIENCY_DETECTOR\Model_Training\dataset\train\healthy_nails\aug_0_6517.jpg,224,224,119.63,72.35,424.57,2.65,7.67,93382733e0583da2e4fb651f88490bf3,OK
train,healthy_nails,aug_0_6548.jpg,D:\NUTRITION_DEFICIENCY_DETECTOR\Model_Training\dataset\train\healthy_nails\aug_0_6548.jpg,224,224,232.56,40.45,131.1,69.3,0.0,349c070f8984a0fd8bd8b700be2d0d35,VERY_BRIGHT|OVEREXPOSED
train,healthy_nails,aug_0_6637.jpg,D:\NUTRITION_DEFICIENCY_DETECTOR\Model_Training\dataset\train\healthy_nails\aug_0_6637.jpg,224,224,156.15,52.13,123.98,1.93,2.46,06e56b341e341ded2f86c2f49cc075f4,OK
train,healthy_nails,aug_0_6753.jpg,D:\NUTRITION_DEFICIENCY_DETECTOR\Model_Training\dataset\train\healthy_nails\aug_0_6753.jpg,224,224,228.56,39.16,51.71,56.22,0.0,08673e80adfb2f5aa6d3d8358dccc61f,VERY_BRIGHT
train,healthy_nails,aug_0_6831.jpg,D:\NUTRITION_DEFICIENCY_DETECTOR\Model_Training\dataset\train\healthy_nails\aug_0_6831.jpg,224,224,167.92,75.74,204.18,25.46,0.62,9829b00925d27933eac7564844bf9b24,OK
train,healthy_nails,aug_0_6952.jpg,D:\NUTRITION_DEFICIENCY_DETECTOR\Model_Training\dataset\train\healthy_nails\aug_0_6952.jpg,224,224,192.12,63.53,267.75,30.05,0.33,d75e7f2de6c3f9f51fbafb9400282cb7,OK
train,healthy_nails,aug_0_718.jpg,D:\NUTRITION_DEFICIENCY_DETECTOR\Model_Training\dataset\train\healthy_nails\aug_0_718.jpg,224,224,216.62,45.71,139.54,41.98,0.0,54dbb0ab15049434f1ba51d5bfde3f41,OK
train,healthy_nails,aug_0_7194.jpg,D:\NUTRITION_DEFICIENCY_DETECTOR\Model_Training\dataset\train\healthy_nails\aug_0_7194.jpg,224,224,223.56,41.59,55.23,48.9,0.0,fa645ffbe1f42a3b51c58d3a414753b7,VERY_BRIGHT
train,healthy_nails,aug_0_7282.jpg,D:\NUTRITION_DEFICIENCY_DETECTOR\Model_Training\dataset\train\healthy_nails\aug_0_7282.jpg,224,224,235.05,37.64,115.32,69.17,0.0,beef572b80423fe6e7adf04d295e2d85,VERY_BRIGHT|OVEREXPOSED
train,healthy_nails,aug_0_7296.jpg,D:\NUTRITION_DEFICIENCY_DETECTOR\Model_Training\dataset\train\healthy_nails\aug_0_7296.jpg,224,224,175.66,57.09,118.6,6.68,0.03,e711242c3319b6faa0f2899699b40ebe,OK
train,healthy_nails,aug_0_7311.jpg,D:\NUTRITION_DEFICIENCY_DETECTOR\Model_Training\dataset\train\healthy_nails\aug_0_7311.jpg,224,224,179.9,51.29,61.16,11.42,0.17,e234075490216fc5383275619b0afff2,OK
train,healthy_nails,aug_0_7313.jpg,D:\NUTRITION_DEFICIENCY_DETECTOR\Model_Training\dataset\train\healthy_nails\aug_0_7313.jpg,224,224,193.35,54.96,137.38,19.39,1.83,954bc5a915f5a89bba5c09f074f4ec83,OK
train,healthy_nails,aug_0_7447.jpg,D:\NUTRITION_DEFICIENCY_DETECTOR\Model_Training\dataset\train\healthy_nails\aug_0_7447.jpg,224,224,202.52,52.24,98.02,17.9,0.01,b2331fab38d413babd7df334dcecb368,OK
train,healthy_nails,aug_0_7693.jpg,D:\NUTRITION_DEFICIENCY_DETECTOR\Model_Training\dataset\train\healthy_nails\aug_0_7693.jpg,224,224,217.92,47.02,137.78,46.84,0.0,03aefb447b5bc9e8fdd83309a00dfd97,OK
train,healthy_nails,aug_0_77.jpg,D:\NUTRITION_DEFICIENCY_DETECTOR\Model_Training\dataset\train\healthy_nails\aug_0_77.jpg,224,224,193.71,53.84,116.61,12.77,0.0,09064a0e9bef1a9344ab6437e1feaffa,OK
train,healthy_nails,aug_0_7703.jpg,D:\NUTRITION_DEFICIENCY_DETECTOR\Model_Training\dataset\train\healthy_nails\aug_0_7703.jpg,224,224,212.29,49.41,184.55,38.83,0.0,544fd3cae09b7324dcd55262e8115b6a,OK
train,healthy_nails,aug_0_7737.jpg,D:\NUTRITION_DEFICIENCY_DETECTOR\Model_Training\dataset\train\healthy_nails\aug_0_7737.jpg,224,224,240.08,29.27,54.8,73.26,0.0,91626c1a2dfe152127c174984f859b41,VERY_BRIGHT|OVEREXPOSED
train,healthy_nails,aug_0_7813.jpg,D:\NUTRITION_DEFICIENCY_DETECTOR\Model_Training\dataset\train\healthy_nails\aug_0_7813.jpg,224,224,207.78,48.05,167.63,32.28,0.0,5717e479a00d067181798babbae05188,OK
train,healthy_nails,aug_0_7970.jpg,D:\NUTRITION_DEFICIENCY_DETECTOR\Model_Training\dataset\train\healthy_nails\aug_0_7970.jpg,224,224,198.66,56.54,86.33,29.97,0.47,510455e67a286e03d45076c89cf3626b,OK
train,healthy_nails,aug_0_7987.jpg,D:\NUTRITION_DEFICIENCY_DETECTOR\Model_Training\dataset\train\healthy_nails\aug_0_7987.jpg,224,224,223.75,45.84,141.86,58.01,0.0,41264de927e30229146748b6f8dfe004,VERY_BRIGHT
train,healthy_nails,aug_0_8046.jpg,D:\NUTRITION_DEFICIENCY_DETECTOR\Model_Training\dataset\train\healthy_nails\aug_0_8046.jpg,224,224,163.12,66.16,97.2,10.45,0.04,9183e2880cf7b3127be93d254f8b0046,OK
train,healthy_nails,aug_0_8099.jpg,D:\NUTRITION_DEFICIENCY_DETECTOR\Model_Training\dataset\train\healthy_nails\aug_0_8099.jpg,224,224,204.26,37.27,96.85,13.13,0.0,7790c674cf81255d2ad29e7f4501a9e1,OK
train,healthy_nails,aug_0_8165.jpg,D:\NUTRITION_DEFICIENCY_DETECTOR\Model_Training\dataset\train\healthy_nails\aug_0_8165.jpg,224,224,223.21,35.89,102.72,39.39,0.0,129f18cad903009042140096138933d2,VERY_BRIGHT
train,healthy_nails,aug_0_8263.jpg,D:\NUTRITION_DEFICIENCY_DETECTOR\Model_Training\dataset\train\healthy_nails\aug_0_8263.jpg,224,224,240.95,25.32,87.06,67.92,0.0,1265de2c57111f01147279e3bae6bef4,VERY_BRIGHT|OVEREXPOSED
train,healthy_nails,aug_0_8408.jpg,D:\NUTRITION_DEFICIENCY_DETECTOR\Model_Training\dataset\train\healthy_nails\aug_0_8408.jpg,224,224,191.46,67.97,188.19,38.85,0.0,813d981aa5af9634c8a199248ce57077,OK
train,healthy_nails,aug_0_8421.jpg,D:\NUTRITION_DEFICIENCY_DETECTOR\Model_Training\dataset\train\healthy_nails\aug_0_8421.jpg,224,224,199.13,63.57,262.14,42.24,0.0,c83e5900446e17b18d466c8abbca2d50,OK
train,healthy_nails,aug_0_8460.jpg,D:\NUTRITION_DEFICIENCY_DETECTOR\Model_Training\dataset\train\healthy_nails\aug_0_8460.jpg,224,224,230.44,31.37,72.07,49.77,0.0,7b87a3beb62a80ff40301abb3aaef464,VERY_BRIGHT
train,healthy_nails,aug_0_8536.jpg,D:\NUTRITION_DEFICIENCY_DETECTOR\Model_Training\dataset\train\healthy_nails\aug_0_8536.jpg,224,224,223.94,45.01,176.1,57.76,0.0,0dfe8443264cc453472ede5bc76864f7,VERY_BRIGHT
train,healthy_nails,aug_0_8744.jpg,D:\NUTRITION_DEFICIENCY_DETECTOR\Model_Training\dataset\train\healthy_nails\aug_0_8744.jpg,224,224,230.55,32.23,82.18,50.06,0.0,ec21ce3cfd55d71614715b0d1d6fd2a7,VERY_BRIGHT
train,healthy_nails,aug_0_8748.jpg,D:\NUTRITION_DEFICIENCY_DETECTOR\Model_Training\dataset\train\healthy_nails\aug_0_8748.jpg,224,224,177.07,58.85,93.21,7.27,0.06,cddd501b9a20d689273216372f8328e4,OK
train,healthy_nails,aug_0_8763.jpg,D:\NUTRITION_DEFICIENCY_DETECTOR\Model_Training\dataset\train\healthy_nails\aug_0_8763.jpg,224,224,234.81,36.0,85.38,66.24,0.0,2879ef71ed416eb38e72f713a199ea87,VERY_BRIGHT|OVEREXPOSED
train,healthy_nails,aug_0_8929.jpg,D:\NUTRITION_DEFICIENCY_DETECTOR\Model_Training\dataset\train\healthy_nails\aug_0_8929.jpg,224,224,186.22,64.74,380.97,24.98,0.69,6f4c9483e6eb9327a107121272f7028f,OK
train,healthy_nails,aug_0_8982.jpg,D:\NUTRITION_DEFICIENCY_DETECTOR\Model_Training\dataset\train\healthy_nails\aug_0_8982.jpg,224,224,235.49,32.23,49.86,61.22,0.0,edebb63d45da28065c9cf879715444c9,BLURRY|VERY_BRIGHT|OVEREXPOSED
train,healthy_nails,aug_0_9265.jpg,D:\NUTRITION_DEFICIENCY_DETECTOR\Model_Training\dataset\train\healthy_nails\aug_0_9265.jpg,224,224,223.93,41.41,52.4,48.88,0.0,31e034d3b725175f269dec9ba48244ad,VERY_BRIGHT
train,healthy_nails,aug_0_9366.jpg,D:\NUTRITION_DEFICIENCY_DETECTOR\Model_Training\dataset\train\healthy_nails\aug_0_9366.jpg,224,224,135.0,73.92,337.52,5.35,6.39,b26904300ef267e175f2185635cc134f,OK
train,healthy_nails,aug_0_9486.jpg,D:\NUTRITION_DEFICIENCY_DETECTOR\Model_Training\dataset\train\healthy_nails\aug_0_9486.jpg,224,224,229.92,43.6,105.87,60.32,0.0,c365743e837c7cf084206308ca081eab,VERY_BRIGHT|OVEREXPOSED
train,healthy_nails,aug_0_9559.jpg,D:\NUTRITION_DEFICIENCY_DETECTOR\Model_Training\dataset\train\healthy_nails\aug_0_9559.jpg,224,224,214.76,57.99,90.46,49.71,0.0,54682016d9645d3cc874a070743e75b0,OK
train,healthy_nails,aug_0_9897.jpg,D:\NUTRITION_DEFICIENCY_DETECTOR\Model_Training\dataset\train\healthy_nails\aug_0_9897.jpg,224,224,134.87,70.4,84.8,6.37,0.02,555c2215d27788e27782a8d12a4de213,OK
train,healthy_nails,test_nail.png,D:\NUTRITION_DEFICIENCY_DETECTOR\Model_Training\dataset\train\healthy_nails\test_nail.png,224,224,222.56,40.94,45.15,46.59,0.0,b7e34e3c111bea65f45e0dd8b00992e2,BLURRY|VERY_BRIGHT
train,iron_deficiency,000002.jpg,D:\NUTRITION_DEFICIENCY_DETECTOR\Model_Training\dataset\train\iron_deficiency\000002.jpg,224,224,149.56,63.16,94.58,12.05,0.09,1b33e436b9e301a9ff842bdf1acad6fe,OK
train,iron_deficiency,000004.jpg,D:\NUTRITION_DEFICIENCY_DETECTOR\Model_Training\dataset\train\iron_deficiency\000004.jpg,224,224,195.77,46.84,49.93,18.9,0.0,f29a0ec4a92aaa8627c54eedeafea858,BLURRY
train,iron_deficiency,000008.jpg,D:\NUTRITION_DEFICIENCY_DETECTOR\Model_Training\dataset\train\iron_deficiency\000008.jpg,224,224,160.26,65.01,98.13,8.62,0.01,2fc1b2216ce1b2ade4f91d0b77433749,OK
train,iron_deficiency,000009.jpg,D:\NUTRITION_DEFICIENCY_DETECTOR\Model_Training\dataset\train\iron_deficiency\000009.jpg,224,224,201.85,64.5,119.39,39.9,0.0,cfb75b61f8728573a2fd726016ee7543,OK
train,iron_deficiency,000010.jpg,D:\NUTRITION_DEFICIENCY_DETECTOR\Model_Training\dataset\train\iron_deficiency\000010.jpg,224,224,224.7,43.36,94.12,56.07,0.0,bbd5a3459774f3cdf97392ee435d456e,VERY_BRIGHT
train,iron_deficiency,000014.png,D:\NUTRITION_DEFICIENCY_DETECTOR\Model_Training\dataset\train\iron_deficiency\000014.png,224,224,158.74,67.38,146.49,10.64,0.11,a5cf3d8c0a837a9bed6e54e29ea6142a,OK
train,iron_deficiency,000016.jpg,D:\NUTRITION_DEFICIENCY_DETECTOR\Model_Training\dataset\train\iron_deficiency\000016.jpg,224,224,140.81,82.05,160.96,9.54,6.18,856611769edfee83541e71005accfbda,OK
train,iron_deficiency,000017.jpg,D:\NUTRITION_DEFICIENCY_DETECTOR\Model_Training\dataset\train\iron_deficiency\000017.jpg,224,224,118.19,82.65,52.77,2.62,0.06,5076530912a3ea1be639b6b08ce880f6,OK
train,iron_deficiency,000019.jpg,D:\NUTRITION_DEFICIENCY_DETECTOR\Model_Training\dataset\train\iron_deficiency\000019.jpg,224,224,180.31,56.22,126.78,10.09,0.0,29ce86449c3ae8e6dab3afd5b352ee9f,OK
train,iron_deficiency,000025.jpg,D:\NUTRITION_DEFICIENCY_DETECTOR\Model_Training\dataset\train\iron_deficiency\000025.jpg,224,224,156.0,70.0,306.14,4.97,0.3,2ff1e4d6d4d9d6440a916b601c7ebdb8,OK
train,iron_deficiency,000027.jpg,D:\NUTRITION_DEFICIENCY_DETECTOR\Model_Training\dataset\train\iron_deficiency\000027.jpg,224,224,181.28,69.74,533.27,28.51,0.02,fb33a95e47eeca2bc2e3a62199f18957,OK
train,iron_deficiency,000032.jpg,D:\NUTRITION_DEFICIENCY_DETECTOR\Model_Training\dataset\train\iron_deficiency\000032.jpg,224,224,199.64,60.39,160.69,28.59,0.0,d93eb67259d0ec6ac375aa782dbbabb8,OK
train,iron_deficiency,000033.jpg,D:\NUTRITION_DEFICIENCY_DETECTOR\Model_Training\dataset\train\iron_deficiency\000033.jpg,224,224,160.27,54.19,343.6,2.25,0.0,9c37c50ae9b2e281f71b089821601b89,OK
train,iron_deficiency,000036.jpg,D:\NUTRITION_DEFICIENCY_DETECTOR\Model_Training\dataset\train\iron_deficiency\000036.jpg,224,224,185.5,57.61,207.37,18.02,0.0,910d49daa48b5b7a9df6a3aa6ec61a43,OK
train,iron_deficiency,000038.jpg,D:\NUTRITION_DEFICIENCY_DETECTOR\Model_Training\dataset\train\iron_deficiency\000038.jpg,224,224,120.65,57.4,91.97,0.85,0.0,6596861294fb7f91d3c2df0433e5d9dc,OK
train,iron_deficiency,000039.jpg,D:\NUTRITION_DEFICIENCY_DETECTOR\Model_Training\dataset\train\iron_deficiency\000039.jpg,224,224,183.81,52.39,129.39,13.33,0.0,01225ac4a65479cf171efd91b71621a0,OK
train,iron_deficiency,000041.jpg,D:\NUTRITION_DEFICIENCY_DETECTOR\Model_Training\dataset\train\iron_deficiency\000041.jpg,224,224,148.94,55.93,595.63,1.45,0.0,01239104e3ae977495d2a0a25cc8bcb5,OK
train,iron_deficiency,000044.jpg,D:\NUTRITION_DEFICIENCY_DETECTOR\Model_Training\dataset\train\iron_deficiency\000044.jpg,224,224,172.68,67.66,117.83,19.46,0.0,c3498cdce7d1f054387baf97874d1a44,OK
train,iron_deficiency,aug_0_1013.jpg,D:\NUTRITION_DEFICIENCY_DETECTOR\Model_Training\dataset\train\iron_deficiency\aug_0_1013.jpg,224,224,173.04,60.91,124.6,9.17,0.09,8288633bb5b89f43743ba3518d025e39,OK
train,iron_deficiency,aug_0_1438.jpg,D:\NUTRITION_DEFICIENCY_DETECTOR\Model_Training\dataset\train\iron_deficiency\aug_0_1438.jpg,224,224,185.77,78.61,139.52,48.85,0.0,4f9ddcaf7e97be3892fdda4d616e4fc1,OK
train,iron_deficiency,aug_0_1444.jpg,D:\NUTRITION_DEFICIENCY_DETECTOR\Model_Training\dataset\train\iron_deficiency\aug_0_1444.jpg,224,224,197.38,66.29,115.01,36.27,0.01,fe41b9ec0f7633a8d1540d8fcfa04808,OK
train,iron_deficiency,aug_0_1694.jpg,D:\NUTRITION_DEFICIENCY_DETECTOR\Model_Training\dataset\train\iron_deficiency\aug_0_1694.jpg,224,224,194.66,68.89,469.42,41.26,0.02,4ffbed89c2e54ea676cd6da3961a1337,OK
train,iron_deficiency,aug_0_1727.jpg,D:\NUTRITION_DEFICIENCY_DETECTOR\Model_Training\dataset\train\iron_deficiency\aug_0_1727.jpg,224,224,158.38,102.77,948.51,38.9,23.33,b6ae46db8df7f14e8b0e36f8ffdd6848,OK
train,iron_deficiency,aug_0_1743.jpg,D:\NUTRITION_DEFICIENCY_DETECTOR\Model_Training\dataset\train\iron_deficiency\aug_0_1743.jpg,224,224,194.87,51.45,167.68,20.84,0.0,013cf58d67828325054199746cef5600,OK
train,iron_deficiency,aug_0_1925.jpg,D:\NUTRITION_DEFICIENCY_DETECTOR\Model_Training\dataset\train\iron_deficiency\aug_0_1925.jpg,224,224,241.36,33.97,36.07,80.73,0.0,4ab7399fb38f58aefc7ba9c6286ac2df,BLURRY|VERY_BRIGHT|OVEREXPOSED
train,iron_deficiency,aug_0_1959.jpg,D:\NUTRITION_DEFICIENCY_DETECTOR\Model_Training\dataset\train\iron_deficiency\aug_0_1959.jpg,224,224,113.07,86.19,285.42,2.51,31.3,d949be67468d5920c9716ce831440372,OK
train,iron_deficiency,aug_0_1973.jpg,D:\NUTRITION_DEFICIENCY_DETECTOR\Model_Training\dataset\train\iron_deficiency\aug_0_1973.jpg,224,224,152.35,73.63,163.37,10.04,2.05,4b49cc7ce977a056333bbd79dca53ddb,OK
train,iron_deficiency,aug_0_2218.jpg,D:\NUTRITION_DEFICIENCY_DETECTOR\Model_Training\dataset\train\iron_deficiency\aug_0_2218.jpg,224,224,155.41,66.76,67.81,5.29,1.62,0379bb0788060297d9e6b1afd7166f72,OK
train,iron_deficiency,aug_0_2229.jpg,D:\NUTRITION_DEFICIENCY_DETECTOR\Model_Training\dataset\train\iron_deficiency\aug_0_2229.jpg,224,224,193.44,69.62,149.8,36.68,0.05,8ee974cb3e2261fbe48f231d5a592dcc,OK
train,iron_deficiency,aug_0_2357.jpg,D:\NUTRITION_DEFICIENCY_DETECTOR\Model_Training\dataset\train\iron_deficiency\aug_0_2357.jpg,224,224,152.32,79.96,133.63,4.41,15.26,0ff13a991290e3fa7579d204e6cb811c,OK
train,iron_deficiency,aug_0_2388.jpg,D:\NUTRITION_DEFICIENCY_DETECTOR\Model_Training\dataset\train\iron_deficiency\aug_0_2388.jpg,224,224,209.71,63.74,86.53,52.43,0.0,6ec19de1246866690aefcae26b21ee24,OK
train,iron_deficiency,aug_0_2528.jpg,D:\NUTRITION_DEFICIENCY_DETECTOR\Model_Training\dataset\train\iron_deficiency\aug_0_2528.jpg,224,224,159.88,59.76,224.66,3.89,0.0,8ff41c3eddec5fd366b2c5c27da63193,OK
train,iron_deficiency,aug_0_254.jpg,D:\NUTRITION_DEFICIENCY_DETECTOR\Model_Training\dataset\train\iron_deficiency\aug_0_254.jpg,224,224,242.22,33.28,36.64,82.62,0.0,064133dd3020ee1ff253ca2a7ce0caae,BLURRY|VERY_BRIGHT|OVEREXPOSED
train,iron_deficiency,aug_0_2603.jpg,D:\NUTRITION_DEFICIENCY_DETECTOR\Model_Training\dataset\train\iron_deficiency\aug_0_2603.jpg,224,224,198.95,62.06,163.75,29.5,0.01,efe57570ae4e449083ed7e064a0092e0,OK
train,iron_deficiency,aug_0_284.jpg,D:\NUTRITION_DEFICIENCY_DETECTOR\Model_Training\dataset\train\iron_deficiency\aug_0_284.jpg,224,224,165.0,75.25,119.44,23.23,0.2,5796f6c7b03830a11e791441f8a0ce02,OK
train,iron_deficiency,aug_0_2883.jpg,D:\NUTRITION_DEFICIENCY_DETECTOR\Model_Training\dataset\train\iron_deficiency\aug_0_2883.jpg,224,224,188.52,73.55,200.53,45.34,0.0,c7113af98878fbca06303b42791bf4fa,OK
train,iron_deficiency,aug_0_2969.jpg,D:\NUTRITION_DEFICIENCY_DETECTOR\Model_Training\dataset\train\iron_deficiency\aug_0_2969.jpg,224,224,206.17,56.9,265.82,42.3,0.0,f38e6b1d036df23e4813d735371851a1,OK
train,iron_deficiency,aug_0_3028.jpg,D:\NUTRITION_DEFICIENCY_DETECTOR\Model_Training\dataset\train\iron_deficiency\aug_0_3028.jpg,224,224,187.85,76.06,127.29,43.87,0.01,2d06be898bed01f739f470bbf25888b0,OK
train,iron_deficiency,aug_0_321.jpg,D:\NUTRITION_DEFICIENCY_DETECTOR\Model_Training\dataset\train\iron_deficiency\aug_0_321.jpg,224,224,202.38,64.18,121.06,40.96,0.02,e88346cd44b01885e4c614e7c79efea4,OK
train,iron_deficiency,aug_0_3283.jpg,D:\NUTRITION_DEFICIENCY_DETECTOR\Model_Training\dataset\train\iron_deficiency\aug_0_3283.jpg,224,224,114.2,61.91,62.28,0.76,0.59,5a30728a0f0d57c74d49a942200efb3d,OK
train,iron_deficiency,aug_0_3404.jpg,D:\NUTRITION_DEFICIENCY_DETECTOR\Model_Training\dataset\train\iron_deficiency\aug_0_3404.jpg,224,224,158.66,74.77,103.51,17.54,0.97,54c020553d163daf223a2b7482ee1927,OK
train,iron_deficiency,aug_0_353.jpg,D:\NUTRITION_DEFICIENCY_DETECTOR\Model_Training\dataset\train\iron_deficiency\aug_0_353.jpg,224,224,134.35,85.66,116.39,8.48,14.42,92cc2b632f0f3393541500204ba3dbc7,OK
train,iron_deficiency,aug_0_3558.jpg,D:\NUTRITION_DEFICIENCY_DETECTOR\Model_Training\dataset\train\iron_deficiency\aug_0_3558.jpg,224,224,195.38,67.77,83.48,36.25,0.01,0087acd2950e2a01711e214d61d7f6fe,OK
train,iron_deficiency,aug_0_3653.jpg,D:\NUTRITION_DEFICIENCY_DETECTOR\Model_Training\dataset\train\iron_deficiency\aug_0_3653.jpg,224,224,151.7,74.38,131.7,10.51,3.0,2f4706b4c9d2697c2358a36c9f15cb7f,OK
train,iron_deficiency,aug_0_3666.jpg,D:\NUTRITION_DEFICIENCY_DETECTOR\Model_Training\dataset\train\iron_deficiency\aug_0_3666.jpg,224,224,155.97,70.36,81.4,11.86,3.16,e5bcd8d63155e9d48508c2f4538ee9e3,OK
train,iron_deficiency,aug_0_3780.jpg,D:\NUTRITION_DEFICIENCY_DETECTOR\Model_Training\dataset\train\iron_deficiency\aug_0_3780.jpg,224,224,188.54,47.67,54.52,15.84,0.0,56ced6c00b203dc70e27d5a3a27c9513,OK
train,iron_deficiency,aug_0_3872.jpg,D:\NUTRITION_DEFICIENCY_DETECTOR\Model_Training\dataset\train\iron_deficiency\aug_0_3872.jpg,224,224,202.68,63.81,165.41,38.73,0.0,8ef5aa90c6c2121adf252acde7d5e7d0,OK
train,iron_deficiency,aug_0_3958.jpg,D:\NUTRITION_DEFICIENCY_DETECTOR\Model_Training\dataset\train\iron_deficiency\aug_0_3958.jpg,224,224,147.2,56.58,249.55,1.33,0.0,58b21980c4c8df249538070061c4bc0a,OK
train,iron_deficiency,aug_0_3960.jpg,D:\NUTRITION_DEFICIENCY_DETECTOR\Model_Training\dataset\train\iron_deficiency\aug_0_3960.jpg,224,224,239.47,35.89,28.27,80.17,0.0,1056c73dc1333e823969ee2afaa1c34c,BLURRY|VERY_BRIGHT|OVEREXPOSED
train,iron_deficiency,aug_0_417.jpg,D:\NUTRITION_DEFICIENCY_DETECTOR\Model_Training\dataset\train\iron_deficiency\aug_0_417.jpg,224,224,142.84,65.98,61.13,10.93,0.19,49d15ae04d242126d068bfdcbcc97345,OK
train,iron_deficiency,aug_0_4374.jpg,D:\NUTRITION_DEFICIENCY_DETECTOR\Model_Training\dataset\train\iron_deficiency\aug_0_4374.jpg,224,224,226.77,40.83,51.21,60.08,0.0,2dcdee9589e373b3b79842ee2307764c,VERY_BRIGHT|OVEREXPOSED
train,iron_deficiency,aug_0_4381.jpg,D:\NUTRITION_DEFICIENCY_DETECTOR\Model_Training\dataset\train\iron_deficiency\aug_0_4381.jpg,224,224,190.84,58.47,211.52,21.55,0.0,3d0fe822a5f05cd5d60805889048c80e,OK
train,iron_deficiency,aug_0_4620.jpg,D:\NUTRITION_DEFICIENCY_DETECTOR\Model_Training\dataset\train\iron_deficiency\aug_0_4620.jpg,224,224,167.56,83.45,136.77,16.04,14.66,2b05c49c878871b0a19b6fa1d77b42b1,OK
train,iron_deficiency,aug_0_4825.jpg,D:\NUTRITION_DEFICIENCY_DETECTOR\Model_Training\dataset\train\iron_deficiency\aug_0_4825.jpg,224,224,223.35,43.92,83.63,53.73,0.0,1b59490711bcd23e315295ada828b085,VERY_BRIGHT
train,iron_deficiency,aug_0_4898.jpg,D:\NUTRITION_DEFICIENCY_DETECTOR\Model_Training\dataset\train\iron_deficiency\aug_0_4898.jpg,224,224,223.74,45.29,85.23,56.93,0.0,26735b50bbf1e854df7c8ca5797437f0,VERY_BRIGHT
train,iron_deficiency,aug_0_5151.jpg,D:\NUTRITION_DEFICIENCY_DETECTOR\Model_Training\dataset\train\iron_deficiency\aug_0_5151.jpg,224,224,108.15,60.95,93.18,0.57,0.97,82ec04607e40b7f75fddf8acfd4d1c66,OK
train,iron_deficiency,aug_0_5228.jpg,D:\NUTRITION_DEFICIENCY_DETECTOR\Model_Training\dataset\train\iron_deficiency\aug_0_5228.jpg,224,224,150.55,67.17,83.95,18.3,0.44,324140461e54caadbca6fad6d9b9a722,OK
train,iron_deficiency,aug_0_5269.jpg,D:\NUTRITION_DEFICIENCY_DETECTOR\Model_Training\dataset\train\iron_deficiency\aug_0_5269.jpg,224,224,181.25,59.26,115.36,11.61,0.31,49353590b87295a98d1ab6827a5bee92,OK
train,iron_deficiency,aug_0_532.jpg,D:\NUTRITION_DEFICIENCY_DETECTOR\Model_Training\dataset\train\iron_deficiency\aug_0_532.jpg,224,224,193.7,57.83,178.74,27.14,0.0,b9bcae12244a057cb4476f324ab0523f,OK
train,iron_deficiency,aug_0_5393.jpg,D:\NUTRITION_DEFICIENCY_DETECTOR\Model_Training\dataset\train\iron_deficiency\aug_0_5393.jpg,224,224,144.0,74.94,243.19,4.25,0.75,2024a6cfac45b6438bd75622c1cb9a2d,OK
train,iron_deficiency,aug_0_5462.jpg,D:\NUTRITION_DEFICIENCY_DETECTOR\Model_Training\dataset\train\iron_deficiency\aug_0_5462.jpg,224,224,236.29,32.1,41.05,67.56,0.0,403a8a2c824b308bb9d0e7fe0961349b,BLURRY|VERY_BRIGHT|OVEREXPOSED
train,iron_deficiency,aug_0_5493.jpg,D:\NUTRITION_DEFICIENCY_DETECTOR\Model_Training\dataset\train\iron_deficiency\aug_0_5493.jpg,224,224,161.4,71.76,108.39,13.29,1.94,c083fe6b34b462fbb906a38767046e99,OK
train,iron_deficiency,aug_0_5559.jpg,D:\NUTRITION_DEFICIENCY_DETECTOR\Model_Training\dataset\train\iron_deficiency\aug_0_5559.jpg,224,224,205.89,49.52,56.35,34.85,0.0,063964169f167c13e0052ac7db691cf3,OK
train,iron_deficiency,aug_0_5625.jpg,D:\NUTRITION_DEFICIENCY_DETECTOR\Model_Training\dataset\train\iron_deficiency\aug_0_5625.jpg,224,224,144.36,56.14,271.74,1.11,0.0,0a14c445274546a5a6e1fcd62c9c1791,OK
train,iron_deficiency,aug_0_5690.jpg,D:\NUTRITION_DEFICIENCY_DETECTOR\Model_Training\dataset\train\iron_deficiency\aug_0_5690.jpg,224,224,144.33,55.82,364.97,1.17,0.0,f379a059269c422e2c8a81e30eabce6a,OK
train,iron_deficiency,aug_0_5695.jpg,D:\NUTRITION_DEFICIENCY_DETECTOR\Model_Training\dataset\train\iron_deficiency\aug_0_5695.jpg,224,224,238.73,36.84,27.33,77.72,0.0,6f054603e016041f3e562e894cdaba31,BLURRY|VERY_BRIGHT|OVEREXPOSED
train,iron_deficiency,aug_0_5741.jpg,D:\NUTRITION_DEFICIENCY_DETECTOR\Model_Training\dataset\train\iron_deficiency\aug_0_5741.jpg,224,224,177.01,68.74,247.08,18.3,0.08,b633c4237663876c0012ade4c5aeef6c,OK
train,iron_deficiency,aug_0_5777.jpg,D:\NUTRITION_DEFICIENCY_DETECTOR\Model_Training\dataset\train\iron_deficiency\aug_0_5777.jpg,224,224,229.55,39.63,47.43,63.96,0.0,24ff1f93ad255b2c42da6c7984ed2725,BLURRY|VERY_BRIGHT|OVEREXPOSED
train,iron_deficiency,aug_0_5796.jpg,D:\NUTRITION_DEFICIENCY_DETECTOR\Model_Training\dataset\train\iron_deficiency\aug_0_5796.jpg,224,224,108.06,89.08,332.48,2.75,37.1,fbb7abfbc7899b9785639415f7f1833c,OK
train,iron_deficiency,aug_0_5807.jpg,D:\NUTRITION_DEFICIENCY_DETECTOR\Model_Training\dataset\train\iron_deficiency\aug_0_5807.jpg,224,224,136.76,58.42,59.86,7.54,0.13,0b1b8fd0ae760c9df764faa0276ce8d6,OK
train,iron_deficiency,aug_0_5981.jpg,D:\NUTRITION_DEFICIENCY_DETECTOR\Model_Training\dataset\train\iron_deficiency\aug_0_5981.jpg,224,224,139.36,48.33,483.83,1.35,1.05,89d862bba929aa2f900cb130903a343d,OK
train,iron_deficiency,aug_0_5985.jpg,D:\NUTRITION_DEFICIENCY_DETECTOR\Model_Training\dataset\train\iron_deficiency\aug_0_5985.jpg,224,224,178.92,75.65,153.0,37.1,0.01,ffdc9b9ecb22ca98e10194c8156a605d,OK
train,iron_deficiency,aug_0_6390.jpg,D:\NUTRITION_DEFICIENCY_DETECTOR\Model_Training\dataset\train\iron_deficiency\aug_0_6390.jpg,224,224,243.57,31.39,39.87,84.16,0.0,3bed45b5920cfe4ebc655a9d36e8179d,BLURRY|VERY_BRIGHT|OVEREXPOSED
train,iron_deficiency,aug_0_6395.jpg,D:\NUTRITION_DEFICIENCY_DETECTOR\Model_Training\dataset\train\iron_deficiency\aug_0_6395.jpg,224,224,132.18,96.39,43.41,13.88,26.76,019963811e9411e044af4b2a8072e3ef,BLURRY
train,iron_deficiency,aug_0_6454.jpg,D:\NUTRITION_DEFICIENCY_DETECTOR\Model_Training\dataset\train\iron_deficiency\aug_0_6454.jpg,224,224,176.61,53.14,91.52,8.78,0.04,80c81d2a5d1d9b27491629982e788fba,OK
train,iron_deficiency,aug_0_6467.jpg,D:\NUTRITION_DEFICIENCY_DETECTOR\Model_Training\dataset\train\iron_deficiency\aug_0_6467.jpg,224,224,176.17,74.73,121.11,30.94,0.06,79a324724acf6da021158f16cb076526,OK
train,iron_deficiency,aug_0_6606.jpg,D:\NUTRITION_DEFICIENCY_DETECTOR\Model_Training\dataset\train\iron_deficiency\aug_0_6606.jpg,224,224,168.87,73.3,132.47,25.66,0.68,fcf8fd599b8e3fd4905a26dcbd25a4c7,OK
train,iron_deficiency,aug_0_675.jpg,D:\NUTRITION_DEFICIENCY_DETECTOR\Model_Training\dataset\train\iron_deficiency\aug_0_675.jpg,224,224,111.25,66.9,98.97,1.68,0.89,21bc45acbb157b3715e61f42b5cce23a,OK
train,iron_deficiency,aug_0_6814.jpg,D:\NUTRITION_DEFICIENCY_DETECTOR\Model_Training\dataset\train\iron_deficiency\aug_0_6814.jpg,224,224,192.74,47.92,42.23,18.13,0.0,199c71c20579b5d0111ed5945e44e751,BLURRY
train,iron_deficiency,aug_0_6816.jpg,D:\NUTRITION_DEFICIENCY_DETECTOR\Model_Training\dataset\train\iron_deficiency\aug_0_6816.jpg,224,224,164.37,59.36,139.51,5.47,0.0,e9c67349721d3b5f2daffb0305173cef,OK
train,iron_deficiency,aug_0_708.jpg,D:\NUTRITION_DEFICIENCY_DETECTOR\Model_Training\dataset\train\iron_deficiency\aug_0_708.jpg,224,224,195.86,68.26,564.17,42.02,0.0,803baa75536eeb352baaef614352413f,OK
train,iron_deficiency,aug_0_7113.jpg,D:\NUTRITION_DEFICIENCY_DETECTOR\Model_Training\dataset\train\iron_deficiency\aug_0_7113.jpg,224,224,167.85,62.5,120.61,8.86,0.09,26823713646359cc409cd626d23d5800,OK
train,iron_deficiency,aug_0_718.jpg,D:\NUTRITION_DEFICIENCY_DETECTOR\Model_Training\dataset\train\iron_deficiency\aug_0_718.jpg,224,224,137.83,52.55,394.66,3.0,1.22,a9db0aca8fd7a0c8d9353171473d10ec,OK
train,iron_deficiency,aug_0_7245.jpg,D:\NUTRITION_DEFICIENCY_DETECTOR\Model_Training\dataset\train\iron_deficiency\aug_0_7245.jpg,224,224,152.84,71.38,128.6,9.35,0.35,60d262045ea923155f9800ba1ef97afd,OK
train,iron_deficiency,aug_0_7333.jpg,D:\NUTRITION_DEFICIENCY_DETECTOR\Model_Training\dataset\train\iron_deficiency\aug_0_7333.jpg,224,224,238.71,31.2,42.53,72.88,0.0,868ca86b51dbfdb1dfa8c02740c93172,BLURRY|VERY_BRIGHT|OVEREXPOSED
train,iron_deficiency,aug_0_7408.jpg,D:\NUTRITION_DEFICIENCY_DETECTOR\Model_Training\dataset\train\iron_deficiency\aug_0_7408.jpg,224,224,157.53,101.75,789.42,37.14,22.8,47f038723b8874bc17d5b8fd730bacad,OK
train,iron_deficiency,aug_0_7433.jpg,D:\NUTRITION_DEFICIENCY_DETECTOR\Model_Training\dataset\train\iron_deficiency\aug_0_7433.jpg,224,224,149.8,64.68,102.7,10.59,0.47,eed400cfbc98f7ec98706e7c95140689,OK
train,iron_deficiency,aug_0_7601.jpg,D:\NUTRITION_DEFICIENCY_DETECTOR\Model_Training\dataset\train\iron_deficiency\aug_0_7601.jpg,224,224,164.21,72.23,175.57,19.83,0.26,28592e8a7b44d26324b287d7e3a0d6e2,OK
train,iron_deficiency,aug_0_7720.jpg,D:\NUTRITION_DEFICIENCY_DETECTOR\Model_Training\dataset\train\iron_deficiency\aug_0_7720.jpg,224,224,171.76,83.76,141.44,18.07,14.02,e2e8f2ce2fc400eb84405a573d47b7e3,OK
train,iron_deficiency,aug_0_7917.jpg,D:\NUTRITION_DEFICIENCY_DETECTOR\Model_Training\dataset\train\iron_deficiency\aug_0_7917.jpg,224,224,191.9,58.4,219.01,23.53,0.0,2a527dae48a34a3380e92ecd93510b0f,OK
train,iron_deficiency,aug_0_7935.jpg,D:\NUTRITION_DEFICIENCY_DETECTOR\Model_Training\dataset\train\iron_deficiency\aug_0_7935.jpg,224,224,132.91,50.66,313.77,1.28,1.18,f4f4acf0d2aad936705ef00d16d6d107,OK
train,iron_deficiency,aug_0_799.jpg,D:\NUTRITION_DEFICIENCY_DETECTOR\Model_Training\dataset\train\iron_deficiency\aug_0_799.jpg,224,224,211.44,62.49,115.83,53.13,0.0,f3d2e8b948d60ca6c247768d9e21850f,OK
train,iron_deficiency,aug_0_815.jpg,D:\NUTRITION_DEFICIENCY_DETECTOR\Model_Training\dataset\train\iron_deficiency\aug_0_815.jpg,224,224,189.55,71.32,134.62,43.25,0.0,c625fd7c4cf8032cd435661888d0306a,OK
train,iron_deficiency,aug_0_8206.jpg,D:\NUTRITION_DEFICIENCY_DETECTOR\Model_Training\dataset\train\iron_deficiency\aug_0_8206.jpg,224,224,150.33,69.23,93.58,6.21,2.84,d88e4d2b2c076cdb051673d9443d5f9b,OK
train,iron_deficiency,aug_0_8258.jpg,D:\NUTRITION_DEFICIENCY_DETECTOR\Model_Training\dataset\train\iron_deficiency\aug_0_8258.jpg,224,224,158.81,51.6,279.46,1.7,0.0,cc674e9d1647438159c44851f9920202,OK
train,iron_deficiency,aug_0_8317.jpg,D:\NUTRITION_DEFICIENCY_DETECTOR\Model_Training\dataset\train\iron_deficiency\aug_0_8317.jpg,224,224,203.28,61.77,161.6,36.87,0.0,1fed9ceba7f6c553497235138fcb7186,OK
train,iron_deficiency,aug_0_8342.jpg,D:\NUTRITION_DEFICIENCY_DETECTOR\Model_Training\dataset\train\iron_deficiency\aug_0_8342.jpg,224,224,177.28,52.2,101.67,8.72,0.01,8acb9f6eccf0cd12dace689c6fb9ebbb,OK
train,iron_deficiency,aug_0_8363.jpg,D:\NUTRITION_DEFICIENCY_DETECTOR\Model_Training\dataset\train\iron_deficiency\aug_0_8363.jpg,224,224,137.93,94.85,126.34,20.56,17.79,ca81b741cab173c1cb36f828b0fda420,OK
train,iron_deficiency,aug_0_856.jpg,D:\NUTRITION_DEFICIENCY_DETECTOR\Model_Training\dataset\train\iron_deficiency\aug_0_856.jpg,224,224,102.57,87.81,276.35,2.29,39.17,eac29749a24cf53a90a75dacf8a3e005,OK
train,iron_deficiency,aug_0_9060.jpg,D:\NUTRITION_DEFICIENCY_DETECTOR\Model_Training\dataset\train\iron_deficiency\aug_0_9060.jpg,224,224,223.83,44.77,72.28,56.42,0.0,92b903842bb2dab5a3ba972848be718c,VERY_BRIGHT
train,iron_deficiency,aug_0_9078.jpg,D:\NUTRITION_DEFICIENCY_DETECTOR\Model_Training\dataset\train\iron_deficiency\aug_0_9078.jpg,224,224,184.56,77.74,143.89,40.92,1.65,1936ea7635cf92fa971eb164e9010cc8,OK
train,iron_deficiency,aug_0_91.jpg,D:\NUTRITION_DEFICIENCY_DETECTOR\Model_Training\dataset\train\iron_deficiency\aug_0_91.jpg,224,224,153.05,83.92,100.92,16.99,7.41,719e0d4be2ceb40dcfbfad2f69fee0af,OK
train,iron_deficiency,aug_0_9114.jpg,D:\NUTRITION_DEFICIENCY_DETECTOR\Model_Training\dataset\train\iron_deficiency\aug_0_9114.jpg,224,224,175.12,61.53,351.97,14.85,0.0,fdd74a704111efd6dc1784bf84adcece,OK
train,iron_deficiency,aug_0_9238.jpg,D:\NUTRITION_DEFICIENCY_DETECTOR\Model_Training\dataset\train\iron_deficiency\aug_0_9238.jpg,224,224,116.24,85.69,298.86,2.66,29.61,47ebd31b7f06f0ec3acda66ab2625025,OK
train,iron_deficiency,aug_0_9274.jpg,D:\NUTRITION_DEFICIENCY_DETECTOR\Model_Training\dataset\train\iron_deficiency\aug_0_9274.jpg,224,224,197.01,65.81,97.91,35.92,0.0,4a9ae7a5b11cca2e1d83c3ba1b04a7b9,OK
train,iron_deficiency,aug_0_9279.jpg,D:\NUTRITION_DEFICIENCY_DETECTOR\Model_Training\dataset\train\iron_deficiency\aug_0_9279.jpg,224,224,152.12,67.59,100.05,18.24,0.4,7fd70469b787aefac6801563582012e0,OK
train,iron_deficiency,aug_0_9374.jpg,D:\NUTRITION_DEFICIENCY_DETECTOR\Model_Training\dataset\train\iron_deficiency\aug_0_9374.jpg,224,224,182.9,70.29,348.51,30.95,0.03,3fff1eb279721f45a349eb3894dabd22,OK
train,iron_deficiency,aug_0_948.jpg,D:\NUTRITION_DEFICIENCY_DETECTOR\Model_Training\dataset\train\iron_deficiency\aug_0_948.jpg,224,224,184.43,69.32,388.42,30.83,0.01,68d7f033fda9c0da18ed9439dd3d88b1,OK
train,iron_deficiency,aug_0_9662.jpg,D:\NUTRITION_DEFICIENCY_DETECTOR\Model_Training\dataset\train\iron_deficiency\aug_0_9662.jpg,224,224,235.07,37.51,95.46,70.49,0.0,a0ed4a91c834e749d870e46e6fa4a9da,VERY_BRIGHT|OVEREXPOSED
train,iron_deficiency,aug_0_973.jpg,D:\NUTRITION_DEFICIENCY_DETECTOR\Model_Training\dataset\train\iron_deficiency\aug_0_973.jpg,224,224,200.82,49.62,48.68,25.74,0.0,49fe00652d30c3113a0810d265e93672,BLURRY
train,iron_deficiency,aug_0_9815.jpg,D:\NUTRITION_DEFICIENCY_DETECTOR\Model_Training\dataset\train\iron_deficiency\aug_0_9815.jpg,224,224,149.25,101.13,867.93,31.54,24.16,3689881ee573114dc5fd9b636bd8fd7b,OK
train,iron_deficiency,aug_0_9925.jpg,D:\NUTRITION_DEFICIENCY_DETECTOR\Model_Training\dataset\train\iron_deficiency\aug_0_9925.jpg,224,224,156.26,102.1,1047.51,37.31,23.19,f0edd830c3cf0bbc52357c967914c44c,OK
train,iron_deficiency,aug_0_9987.jpg,D:\NUTRITION_DEFICIENCY_DETECTOR\Model_Training\dataset\train\iron_deficiency\aug_0_9987.jpg,224,224,186.87,69.77,431.04,33.48,0.01,3223563c18c538df0a1ec815ec4fe327,OK
train,vitamin_b12_deficiency,000001.jpg,D:\NUTRITION_DEFICIENCY_DETECTOR\Model_Training\dataset\train\vitamin_b12_deficiency\000001.jpg,224,224,221.78,39.73,97.51,44.23,0.0,85a2dd748a2af299355c697ab291094c,VERY_BRIGHT
train,vitamin_b12_deficiency,000002.jpg,D:\NUTRITION_DEFICIENCY_DETECTOR\Model_Training\dataset\train\vitamin_b12_deficiency\000002.jpg,224,224,210.91,53.72,99.32,40.62,0.0,e85e16709e8ade6ce9f8e1ad2bac177e,OK
train,vitamin_b12_deficiency,000004.jpg,D:\NUTRITION_DEFICIENCY_DETECTOR\Model_Training\dataset\train\vitamin_b12_deficiency\000004.jpg,224,224,190.87,60.67,357.17,26.88,0.0,3d8653b64dd8c08b766bbdc12544d8f4,OK
train,vitamin_b12_deficiency,000005.jpg,D:\NUTRITION_DEFICIENCY_DETECTOR\Model_Training\dataset\train\vitamin_b12_deficiency\000005.jpg,224,224,229.51,37.91,63.48,60.65,0.0,6372a84ebc46f150e4485bb28a243c9f,VERY_BRIGHT|OVEREXPOSED
train,vitamin_b12_deficiency,000006.jpg,D:\NUTRITION_DEFICIENCY_DETECTOR\Model_Training\dataset\train\vitamin_b12_deficiency\000006.jpg,224,224,162.82,71.44,260.06,26.54,0.36,7a17dfd816e4fed86f668513ad77f80f,OK
train,vitamin_b12_deficiency,000007.jpg,D:\NUTRITION_DEFICIENCY_DETECTOR\Model_Training\dataset\train\vitamin_b12_deficiency\000007.jpg,224,224,153.78,70.21,70.37,0.34,0.0,7a96a116e01eb005db9f478f572e7942,OK
train,vitamin_b12_deficiency,000008.jpg,D:\NUTRITION_DEFICIENCY_DETECTOR\Model_Training\dataset\train\vitamin_b12_deficiency\000008.jpg,224,224,188.6,53.01,346.09,18.58,0.0,7f65c8b1691ba56eaf96eb822cb724fc,OK
train,vitamin_b12_deficiency,000009.png,D:\NUTRITION_DEFICIENCY_DETECTOR\Model_Training\dataset\train\vitamin_b12_deficiency\000009.png,224,224,158.74,67.38,146.49,10.64,0.11,a5cf3d8c0a837a9bed6e54e29ea6142a,OK
train,vitamin_b12_deficiency,000010.jpg,D:\NUTRITION_DEFICIENCY_DETECTOR\Model_Training\dataset\train\vitamin_b12_deficiency\000010.jpg,224,224,172.61,51.81,72.58,12.49,0.0,638705beefc20419f531859b3fb06fdd,OK
train,vitamin_b12_deficiency,000013.jpg,D:\NUTRITION_DEFICIENCY_DETECTOR\Model_Training\dataset\train\vitamin_b12_deficiency\000013.jpg,224,224,204.59,33.75,57.98,11.33,0.0,39d448a8718e63c939df693ceb887c44,OK
train,vitamin_b12_deficiency,000016.jpg,D:\NUTRITION_DEFICIENCY_DETECTOR\Model_Training\dataset\train\vitamin_b12_deficiency\000016.jpg,224,224,199.21,62.37,154.06,40.85,0.01,cc59883ffc58b67c0a3f6cc3788f3f7f,OK
train,vitamin_b12_deficiency,000020.jpg,D:\NUTRITION_DEFICIENCY_DETECTOR\Model_Training\dataset\train\vitamin_b12_deficiency\000020.jpg,224,224,180.1,45.09,127.39,3.85,0.0,75e05c3b30512cbbdfb947de22b24e6c,OK
train,vitamin_b12_deficiency,000022.jpg,D:\NUTRITION_DEFICIENCY_DETECTOR\Model_Training\dataset\train\vitamin_b12_deficiency\000022.jpg,224,224,169.27,61.86,276.11,21.62,0.0,0990e185a4b23d2ed2b7523ba1993db9,OK
train,vitamin_b12_deficiency,000023.jpg,D:\NUTRITION_DEFICIENCY_DETECTOR\Model_Training\dataset\train\vitamin_b12_deficiency\000023.jpg,224,224,148.29,47.17,536.66,1.96,0.0,a8e8b135ba1c35146d998281cd613895,OK
train,vitamin_b12_deficiency,000026.jpg,D:\NUTRITION_DEFICIENCY_DETECTOR\Model_Training\dataset\train\vitamin_b12_deficiency\000026.jpg,224,224,156.04,39.26,251.66,0.74,0.0,b850d928d04df4019fcdeac0a558d3b8,OK
train,vitamin_b12_deficiency,000027.png,D:\NUTRITION_DEFICIENCY_DETECTOR\Model_Training\dataset\train\vitamin_b12_deficiency\000027.png,224,224,148.49,75.28,81.02,4.19,0.0,205d104c24acb7416fdb3f9571146b4f,OK
train,vitamin_b12_deficiency,000029.jpg,D:\NUTRITION_DEFICIENCY_DETECTOR\Model_Training\dataset\train\vitamin_b12_deficiency\000029.jpg,224,224,239.24,37.84,48.95,80.74,0.0,636c1b73ad5ee9dfd9b7e225dcffbc9c,BLURRY|VERY_BRIGHT|OVEREXPOSED
train,vitamin_b12_deficiency,000031.jpg,D:\NUTRITION_DEFICIENCY_DETECTOR\Model_Training\dataset\train\vitamin_b12_deficiency\000031.jpg,224,224,186.57,61.02,238.13,19.58,0.0,a06b1ccb8c401fa07ff54dd72508fdb0,OK
train,vitamin_b12_deficiency,000034.jpg,D:\NUTRITION_DEFICIENCY_DETECTOR\Model_Training\dataset\train\vitamin_b12_deficiency\000034.jpg,224,224,237.84,32.85,55.87,76.01,0.0,63045fcd469cd76b80e0eb830c2d8994,VERY_BRIGHT|OVEREXPOSED
train,vitamin_b12_deficiency,000041.jpg,D:\NUTRITION_DEFICIENCY_DETECTOR\Model_Training\dataset\train\vitamin_b12_deficiency\000041.jpg,224,224,168.98,50.46,356.2,1.46,0.0,269ff6221815341a5d18339f8b2fdcc8,OK
train,vitamin_b12_deficiency,000044.jpg,D:\NUTRITION_DEFICIENCY_DETECTOR\Model_Training\dataset\train\vitamin_b12_deficiency\000044.jpg,224,224,218.53,52.73,81.39,53.1,0.0,83c78b39b4f1329f38213b832d4f4fe8,OK
train,vitamin_b12_deficiency,000047.jpg,D:\NUTRITION_DEFICIENCY_DETECTOR\Model_Training\dataset\train\vitamin_b12_deficiency\000047.jpg,224,224,191.86,56.28,112.46,23.67,0.0,d1b91774468b1813752e72b97995ebe8,OK
train,vitamin_b12_deficiency,000049.jpg,D:\NUTRITION_DEFICIENCY_DETECTOR\Model_Training\dataset\train\vitamin_b12_deficiency\000049.jpg,224,224,178.73,48.52,36.24,14.96,0.0,96b8553f64ddec46184199303ba0494c,BLURRY
train,vitamin_b12_deficiency,aug_0_1235.jpg,D:\NUTRITION_DEFICIENCY_DETECTOR\Model_Training\dataset\train\vitamin_b12_deficiency\aug_0_1235.jpg,224,224,144.01,52.27,404.89,2.74,1.41,56fdc22aeb83046b2229f2d822a073a1,OK
train,vitamin_b12_deficiency,aug_0_1299.jpg,D:\NUTRITION_DEFICIENCY_DETECTOR\Model_Training\dataset\train\vitamin_b12_deficiency\aug_0_1299.jpg,224,224,201.02,35.2,59.76,11.35,0.0,837d8564a76265c2bed1fc51837861fe,OK
train,vitamin_b12_deficiency,aug_0_1361.jpg,D:\NUTRITION_DEFICIENCY_DETECTOR\Model_Training\dataset\train\vitamin_b12_deficiency\aug_0_1361.jpg,224,224,137.61,70.97,54.84,8.25,0.14,e6042a3c1ef119e9a583ae3fa87bd913,OK
train,vitamin_b12_deficiency,aug_0_1404.jpg,D:\NUTRITION_DEFICIENCY_DETECTOR\Model_Training\dataset\train\vitamin_b12_deficiency\aug_0_1404.jpg,224,224,166.22,75.31,259.71,31.06,1.24,5c9c144af38cf9f61d5f2136b076c73d,OK
train,vitamin_b12_deficiency,aug_0_1444.jpg,D:\NUTRITION_DEFICIENCY_DETECTOR\Model_Training\dataset\train\vitamin_b12_deficiency\aug_0_1444.jpg,224,224,174.12,46.73,105.03,1.79,0.0,65401bcd43cc387ddc188649081639b7,OK
train,vitamin_b12_deficiency,aug_0_1569.jpg,D:\NUTRITION_DEFICIENCY_DETECTOR\Model_Training\dataset\train\vitamin_b12_deficiency\aug_0_1569.jpg,224,224,223.91,33.08,50.35,36.31,0.0,59d72d3a6de24d637fe157d2b145c17e,VERY_BRIGHT
train,vitamin_b12_deficiency,aug_0_1607.jpg,D:\NUTRITION_DEFICIENCY_DETECTOR\Model_Training\dataset\train\vitamin_b12_deficiency\aug_0_1607.jpg,224,224,148.36,75.25,75.15,3.65,9.71,aaa8aa86b77bc450e0ebf4d986b9a0e0,OK
train,vitamin_b12_deficiency,aug_0_1681.jpg,D:\NUTRITION_DEFICIENCY_DETECTOR\Model_Training\dataset\train\vitamin_b12_deficiency\aug_0_1681.jpg,224,224,156.62,58.33,384.26,9.87,0.26,50c642c985814259fb90caf4c216074b,OK
train,vitamin_b12_deficiency,aug_0_1693.jpg,D:\NUTRITION_DEFICIENCY_DETECTOR\Model_Training\dataset\train\vitamin_b12_deficiency\aug_0_1693.jpg,224,224,168.23,78.11,75.98,4.34,4.4,fc30f03da3366cdc949cce85375bba6e,OK
train,vitamin_b12_deficiency,aug_0_1804.jpg,D:\NUTRITION_DEFICIENCY_DETECTOR\Model_Training\dataset\train\vitamin_b12_deficiency\aug_0_1804.jpg,224,224,163.27,66.55,103.42,18.65,0.01,c0de59ffa773da7d15113df98b0adea6,OK
train,vitamin_b12_deficiency,aug_0_1835.jpg,D:\NUTRITION_DEFICIENCY_DETECTOR\Model_Training\dataset\train\vitamin_b12_deficiency\aug_0_1835.jpg,224,224,143.01,77.91,53.5,3.74,10.86,2d3a599a49e5a3459aaecc5bc14daca1,OK
train,vitamin_b12_deficiency,aug_0_1921.jpg,D:\NUTRITION_DEFICIENCY_DETECTOR\Model_Training\dataset\train\vitamin_b12_deficiency\aug_0_1921.jpg,224,224,224.78,43.35,40.59,54.12,0.0,2f2861810b992a9717a76c45c5057fd9,BLURRY|VERY_BRIGHT
train,vitamin_b12_deficiency,aug_0_2044.jpg,D:\NUTRITION_DEFICIENCY_DETECTOR\Model_Training\dataset\train\vitamin_b12_deficiency\aug_0_2044.jpg,224,224,243.47,35.27,66.12,86.19,0.01,ddda8381373f533c39c4330e64cfffdc,VERY_BRIGHT|OVEREXPOSED
train,vitamin_b12_deficiency,aug_0_2091.jpg,D:\NUTRITION_DEFICIENCY_DETECTOR\Model_Training\dataset\train\vitamin_b12_deficiency\aug_0_2091.jpg,224,224,206.56,34.15,56.59,14.39,0.0,822d92b9a55020aea5c84c9f302b5d4b,OK
train,vitamin_b12_deficiency,aug_0_22.jpg,D:\NUTRITION_DEFICIENCY_DETECTOR\Model_Training\dataset\train\vitamin_b12_deficiency\aug_0_22.jpg,224,224,223.21,42.81,41.93,50.08,0.0,f1926b2e5e4c0ce44757fae31a7a80f9,BLURRY|VERY_BRIGHT
train,vitamin_b12_deficiency,aug_0_2345.jpg,D:\NUTRITION_DEFICIENCY_DETECTOR\Model_Training\dataset\train\vitamin_b12_deficiency\aug_0_2345.jpg,224,224,192.7,62.97,270.23,31.69,0.02,69a2622f94eecd4528ce6a51e06182d8,OK
train,vitamin_b12_deficiency,aug_0_2435.jpg,D:\NUTRITION_DEFICIENCY_DETECTOR\Model_Training\dataset\train\vitamin_b12_deficiency\aug_0_2435.jpg,224,224,172.92,62.44,117.53,17.81,0.56,d1104d160d8aa7e860bd8203a2194868,OK
train,vitamin_b12_deficiency,aug_0_2477.jpg,D:\NUTRITION_DEFICIENCY_DETECTOR\Model_Training\dataset\train\vitamin_b12_deficiency\aug_0_2477.jpg,224,224,182.87,56.05,224.1,17.29,0.09,0d01cafd936e97f2f748d6e6836100c5,OK
train,vitamin_b12_deficiency,aug_0_2533.jpg,D:\NUTRITION_DEFICIENCY_DETECTOR\Model_Training\dataset\train\vitamin_b12_deficiency\aug_0_2533.jpg,224,224,197.82,60.59,96.14,38.64,0.14,5c1fadbc1a843eeac6e3a2975d6e4736,OK
train,vitamin_b12_deficiency,aug_0_2632.jpg,D:\NUTRITION_DEFICIENCY_DETECTOR\Model_Training\dataset\train\vitamin_b12_deficiency\aug_0_2632.jpg,224,224,186.91,58.93,85.49,21.54,0.0,2708a7c9b521b791afe3fe86a08e02d1,OK
train,vitamin_b12_deficiency,aug_0_264.jpg,D:\NUTRITION_DEFICIENCY_DETECTOR\Model_Training\dataset\train\vitamin_b12_deficiency\aug_0_264.jpg,224,224,141.22,76.72,79.98,3.15,10.89,22c897fc49d300d5f8c4c58c15ae3a3e,OK
train,vitamin_b12_deficiency,aug_0_2877.jpg,D:\NUTRITION_DEFICIENCY_DETECTOR\Model_Training\dataset\train\vitamin_b12_deficiency\aug_0_2877.jpg,224,224,211.87,54.9,89.09,43.5,0.07,edc834602c806a19b3d132017b6a87c6,OK
train,vitamin_b12_deficiency,aug_0_2912.jpg,D:\NUTRITION_DEFICIENCY_DETECTOR\Model_Training\dataset\train\vitamin_b12_deficiency\aug_0_2912.jpg,224,224,212.0,41.03,75.62,23.1,0.0,a2760798c7a83c3cc91acc88c7fe7ab6,OK
train,vitamin_b12_deficiency,aug_0_2913.jpg,D:\NUTRITION_DEFICIENCY_DETECTOR\Model_Training\dataset\train\vitamin_b12_deficiency\aug_0_2913.jpg,224,224,190.73,61.21,319.71,28.13,0.02,c8d522d41bbb7bfab048e22502ceb657,OK
train,vitamin_b12_deficiency,aug_0_2937.jpg,D:\NUTRITION_DEFICIENCY_DETECTOR\Model_Training\dataset\train\vitamin_b12_deficiency\aug_0_2937.jpg,224,224,198.35,64.99,175.64,46.31,0.0,b8b2c02d66162cecbc62867964186830,OK
train,vitamin_b12_deficiency,aug_0_3121.jpg,D:\NUTRITION_DEFICIENCY_DETECTOR\Model_Training\dataset\train\vitamin_b12_deficiency\aug_0_3121.jpg,224,224,191.26,70.12,297.79,35.1,0.0,a1e2ea3bed5724eef16dc0f9fa05a868,OK
train,vitamin_b12_deficiency,aug_0_3416.jpg,D:\NUTRITION_DEFICIENCY_DETECTOR\Model_Training\dataset\train\vitamin_b12_deficiency\aug_0_3416.jpg,224,224,221.02,43.12,69.3,45.38,0.0,63a74bbcf29da1626b201c01ae04da70,VERY_BRIGHT
train,vitamin_b12_deficiency,aug_0_3549.jpg,D:\NUTRITION_DEFICIENCY_DETECTOR\Model_Training\dataset\train\vitamin_b12_deficiency\aug_0_3549.jpg,224,224,206.92,57.99,69.49,41.33,0.06,b576ec323bbac71d0bd017842e425a2e,OK
train,vitamin_b12_deficiency,aug_0_36.jpg,D:\NUTRITION_DEFICIENCY_DETECTOR\Model_Training\dataset\train\vitamin_b12_deficiency\aug_0_36.jpg,224,224,188.46,61.4,235.78,25.69,0.01,07497da93ffe8d1c522537b37d61e3f6,OK
train,vitamin_b12_deficiency,aug_0_3968.jpg,D:\NUTRITION_DEFICIENCY_DETECTOR\Model_Training\dataset\train\vitamin_b12_deficiency\aug_0_3968.jpg,224,224,221.73,51.38,78.95,54.18,0.02,2aabf058a25e1f389f0c4e155f63e9e9,VERY_BRIGHT
train,vitamin_b12_deficiency,aug_0_3986.jpg,D:\NUTRITION_DEFICIENCY_DETECTOR\Model_Training\dataset\train\vitamin_b12_deficiency\aug_0_3986.jpg,224,224,183.87,66.28,111.14,28.86,1.08,05413a266e1ecd39518d7105f853dc52,OK
train,vitamin_b12_deficiency,aug_0_4047.jpg,D:\NUTRITION_DEFICIENCY_DETECTOR\Model_Training\dataset\train\vitamin_b12_deficiency\aug_0_4047.jpg,224,224,221.8,53.16,69.47,59.63,0.0,6b92b07921945829225aa0f366245a96,VERY_BRIGHT
train,vitamin_b12_deficiency,aug_0_4051.jpg,D:\NUTRITION_DEFICIENCY_DETECTOR\Model_Training\dataset\train\vitamin_b12_deficiency\aug_0_4051.jpg,224,224,149.02,38.31,209.04,0.42,0.0,03d17b8673848ae2f1d32f19720ff5ca,OK
train,vitamin_b12_deficiency,aug_0_4123.jpg,D:\NUTRITION_DEFICIENCY_DETECTOR\Model_Training\dataset\train\vitamin_b12_deficiency\aug_0_4123.jpg,224,224,232.19,35.48,109.43,59.14,0.0,2268b6ad5b8f14ef7d852f1aaa6c2b7c,VERY_BRIGHT
train,vitamin_b12_deficiency,aug_0_4225.jpg,D:\NUTRITION_DEFICIENCY_DETECTOR\Model_Training\dataset\train\vitamin_b12_deficiency\aug_0_4225.jpg,224,224,227.08,40.74,59.94,59.12,0.0,85260b0105b592b037f516340927491e,VERY_BRIGHT
train,vitamin_b12_deficiency,aug_0_4327.jpg,D:\NUTRITION_DEFICIENCY_DETECTOR\Model_Training\dataset\train\vitamin_b12_deficiency\aug_0_4327.jpg,224,224,213.59,40.77,89.09,25.8,0.0,a6931878394194ec6581d146a98ba890,OK
train,vitamin_b12_deficiency,aug_0_4542.jpg,D:\NUTRITION_DEFICIENCY_DETECTOR\Model_Training\dataset\train\vitamin_b12_deficiency\aug_0_4542.jpg,224,224,184.81,68.16,152.46,33.67,0.01,b2e415afa6c003d4d06dd3332b99b843,OK
train,vitamin_b12_deficiency,aug_0_4695.jpg,D:\NUTRITION_DEFICIENCY_DETECTOR\Model_Training\dataset\train\vitamin_b12_deficiency\aug_0_4695.jpg,224,224,228.83,37.26,73.13,55.08,0.0,25f3492bc42d87d5f0d7605f4bbfc405,VERY_BRIGHT
train,vitamin_b12_deficiency,aug_0_4911.jpg,D:\NUTRITION_DEFICIENCY_DETECTOR\Model_Training\dataset\train\vitamin_b12_deficiency\aug_0_4911.jpg,224,224,186.8,56.39,224.98,19.81,0.03,d3648be80fbda7d0b93e047f353f28b2,OK
train,vitamin_b12_deficiency,aug_0_4927.jpg,D:\NUTRITION_DEFICIENCY_DETECTOR\Model_Training\dataset\train\vitamin_b12_deficiency\aug_0_4927.jpg,224,224,205.84,53.23,105.42,38.14,0.0,a63ca0089ffe391505a99501dd34cc30,OK
train,vitamin_b12_deficiency,aug_0_4997.jpg,D:\NUTRITION_DEFICIENCY_DETECTOR\Model_Training\dataset\train\vitamin_b12_deficiency\aug_0_4997.jpg,224,224,220.01,41.92,73.89,40.85,0.0,c5f4c86aad25634dc3ceee382f639930,VERY_BRIGHT
train,vitamin_b12_deficiency,aug_0_5006.jpg,D:\NUTRITION_DEFICIENCY_DETECTOR\Model_Training\dataset\train\vitamin_b12_deficiency\aug_0_5006.jpg,224,224,216.5,54.39,81.91,50.26,0.05,0bc66d4e4d0ebbf1000505f7881de73f,OK
train,vitamin_b12_deficiency,aug_0_5093.jpg,D:\NUTRITION_DEFICIENCY_DETECTOR\Model_Training\dataset\train\vitamin_b12_deficiency\aug_0_5093.jpg,224,224,234.8,40.27,33.76,71.15,0.0,4b7fc0e69d6c1d184a622d3b2685030b,BLURRY|VERY_BRIGHT|OVEREXPOSED
train,vitamin_b12_deficiency,aug_0_5153.jpg,D:\NUTRITION_DEFICIENCY_DETECTOR\Model_Training\dataset\train\vitamin_b12_deficiency\aug_0_5153.jpg,224,224,208.56,59.95,174.89,51.04,0.03,c8dc439bd864ba35f1d5fb03cdedd411,OK
train,vitamin_b12_deficiency,aug_0_5199.jpg,D:\NUTRITION_DEFICIENCY_DETECTOR\Model_Training\dataset\train\vitamin_b12_deficiency\aug_0_5199.jpg,224,224,152.63,40.83,209.72,0.58,0.0,8b67de339f37a0e27c9236677eb8849a,OK
train,vitamin_b12_deficiency,aug_0_5225.jpg,D:\NUTRITION_DEFICIENCY_DETECTOR\Model_Training\dataset\train\vitamin_b12_deficiency\aug_0_5225.jpg,224,224,158.2,74.01,176.71,26.33,0.95,1eafb14a8ae941c66a42f627626a3583,OK
train,vitamin_b12_deficiency,aug_0_5449.jpg,D:\NUTRITION_DEFICIENCY_DETECTOR\Model_Training\dataset\train\vitamin_b12_deficiency\aug_0_5449.jpg,224,224,152.55,70.51,51.97,0.33,10.71,d4125618d1ced8e9b18d307d5c01b882,OK
train,vitamin_b12_deficiency,aug_0_5494.jpg,D:\NUTRITION_DEFICIENCY_DETECTOR\Model_Training\dataset\train\vitamin_b12_deficiency\aug_0_5494.jpg,224,224,232.97,42.48,59.75,75.65,0.0,dfb26f525c3fd33126d7b0479843099b,VERY_BRIGHT|OVEREXPOSED
train,vitamin_b12_deficiency,aug_0_5549.jpg,D:\NUTRITION_DEFICIENCY_DETECTOR\Model_Training\dataset\train\vitamin_b12_deficiency\aug_0_5549.jpg,224,224,180.54,55.49,235.24,13.34,0.08,8a117755da1dabc4bf3b03d8387866da,OK
train,vitamin_b12_deficiency,aug_0_557.jpg,D:\NUTRITION_DEFICIENCY_DETECTOR\Model_Training\dataset\train\vitamin_b12_deficiency\aug_0_557.jpg,224,224,139.46,69.51,92.84,7.86,0.1,04ee5c51a1ee86e5d569dde20503b357,OK
train,vitamin_b12_deficiency,aug_0_5592.jpg,D:\NUTRITION_DEFICIENCY_DETECTOR\Model_Training\dataset\train\vitamin_b12_deficiency\aug_0_5592.jpg,224,224,244.11,27.51,76.26,82.17,0.0,da57193c2165a7efe29fdc527c68bf84,VERY_BRIGHT|OVEREXPOSED
train,vitamin_b12_deficiency,aug_0_5655.jpg,D:\NUTRITION_DEFICIENCY_DETECTOR\Model_Training\dataset\train\vitamin_b12_deficiency\aug_0_5655.jpg,224,224,166.38,66.9,324.52,21.49,0.0,9964344f91cc4073fd7762c2952a1c06,OK
train,vitamin_b12_deficiency,aug_0_5718.jpg,D:\NUTRITION_DEFICIENCY_DETECTOR\Model_Training\dataset\train\vitamin_b12_deficiency\aug_0_5718.jpg,224,224,184.45,54.07,291.4,15.56,0.06,f4d934e1b3d804b1bae9ba4cb9a90650,OK
train,vitamin_b12_deficiency,aug_0_5738.jpg,D:\NUTRITION_DEFICIENCY_DETECTOR\Model_Training\dataset\train\vitamin_b12_deficiency\aug_0_5738.jpg,224,224,185.85,59.13,144.77,24.09,0.0,1ba78e16621dbffb2c638b0ce0c79237,OK
train,vitamin_b12_deficiency,aug_0_5763.jpg,D:\NUTRITION_DEFICIENCY_DETECTOR\Model_Training\dataset\train\vitamin_b12_deficiency\aug_0_5763.jpg,224,224,130.84,85.19,59.36,3.37,16.58,caf35fdb87b6aaebeb60b88e116dc64a,OK
train,vitamin_b12_deficiency,aug_0_5819.jpg,D:\NUTRITION_DEFICIENCY_DETECTOR\Model_Training\dataset\train\vitamin_b12_deficiency\aug_0_5819.jpg,224,224,144.38,50.21,410.81,2.37,0.77,e7400b5223248b1f47ac87a2d10d7148,OK
train,vitamin_b12_deficiency,aug_0_5839.jpg,D:\NUTRITION_DEFICIENCY_DETECTOR\Model_Training\dataset\train\vitamin_b12_deficiency\aug_0_5839.jpg,224,224,185.5,58.35,111.01,21.08,0.28,223641d71e8d055c032f472185ca338e,OK
train,vitamin_b12_deficiency,aug_0_5920.jpg,D:\NUTRITION_DEFICIENCY_DETECTOR\Model_Training\dataset\train\vitamin_b12_deficiency\aug_0_5920.jpg,224,224,178.81,58.83,75.91,10.58,0.0,5297c32676d0aa257d2a5f0e04c897ff,OK
train,vitamin_b12_deficiency,aug_0_5957.jpg,D:\NUTRITION_DEFICIENCY_DETECTOR\Model_Training\dataset\train\vitamin_b12_deficiency\aug_0_5957.jpg,224,224,146.03,54.11,439.57,3.92,1.6,ff930887bf968da87fadfb247ef96bf8,OK
train,vitamin_b12_deficiency,aug_0_6045.jpg,D:\NUTRITION_DEFICIENCY_DETECTOR\Model_Training\dataset\train\vitamin_b12_deficiency\aug_0_6045.jpg,224,224,176.73,55.94,370.45,4.59,0.0,917b4af1f660387e1d94d14875a0ac63,OK
train,vitamin_b12_deficiency,aug_0_6236.jpg,D:\NUTRITION_DEFICIENCY_DETECTOR\Model_Training\dataset\train\vitamin_b12_deficiency\aug_0_6236.jpg,224,224,199.52,59.34,360.14,36.34,0.01,ab6c25d14ea8fe9c30ff1e5683c0d9e2,OK
train,vitamin_b12_deficiency,aug_0_6286.jpg,D:\NUTRITION_DEFICIENCY_DETECTOR\Model_Training\dataset\train\vitamin_b12_deficiency\aug_0_6286.jpg,224,224,164.87,75.33,211.47,29.61,1.42,a7353c8644259ed9032effe277457ef9,OK
train,vitamin_b12_deficiency,aug_0_6295.jpg,D:\NUTRITION_DEFICIENCY_DETECTOR\Model_Training\dataset\train\vitamin_b12_deficiency\aug_0_6295.jpg,224,224,230.26,46.66,69.09,67.1,0.0,893c2741d27c44d455ed846b4c8eb1a5,VERY_BRIGHT|OVEREXPOSED
train,vitamin_b12_deficiency,aug_0_6360.jpg,D:\NUTRITION_DEFICIENCY_DETECTOR\Model_Training\dataset\train\vitamin_b12_deficiency\aug_0_6360.jpg,224,224,165.48,56.36,341.25,3.35,0.0,10421da949abee5c5ea55f27cc96180b,OK
train,vitamin_b12_deficiency,aug_0_6391.jpg,D:\NUTRITION_DEFICIENCY_DETECTOR\Model_Training\dataset\train\vitamin_b12_deficiency\aug_0_6391.jpg,224,224,133.72,86.5,67.38,0.96,12.52,4278af03ede68f45e2973e97fae1e069,OK
train,vitamin_b12_deficiency,aug_0_6471.jpg,D:\NUTRITION_DEFICIENCY_DETECTOR\Model_Training\dataset\train\vitamin_b12_deficiency\aug_0_6471.jpg,224,224,208.38,60.75,145.34,49.89,0.03,ba06db54681deefe904f15460c847b0f,OK
train,vitamin_b12_deficiency,aug_0_6489.jpg,D:\NUTRITION_DEFICIENCY_DETECTOR\Model_Training\dataset\train\vitamin_b12_deficiency\aug_0_6489.jpg,224,224,212.61,59.33,69.03,51.12,0.0,e469391cebdbc3f3a69e82f6a2f7f8f6,OK
train,vitamin_b12_deficiency,aug_0_6643.jpg,D:\NUTRITION_DEFICIENCY_DETECTOR\Model_Training\dataset\train\vitamin_b12_deficiency\aug_0_6643.jpg,224,224,226.17,48.59,71.37,61.34,0.0,7b6ef29fce63b5ffa374a5fc33dd6e70,VERY_BRIGHT|OVEREXPOSED
train,vitamin_b12_deficiency,aug_0_6737.jpg,D:\NUTRITION_DEFICIENCY_DETECTOR\Model_Training\dataset\train\vitamin_b12_deficiency\aug_0_6737.jpg,224,224,177.37,64.16,173.21,14.79,0.09,8fb092d5ccb6ca0f0007775504dca434,OK
train,vitamin_b12_deficiency,aug_0_6741.jpg,D:\NUTRITION_DEFICIENCY_DETECTOR\Model_Training\dataset\train\vitamin_b12_deficiency\aug_0_6741.jpg,224,224,157.12,69.19,57.53,0.27,6.74,fd68bafadbcace76a6afdc3b6fa69c44,OK
train,vitamin_b12_deficiency,aug_0_6773.jpg,D:\NUTRITION_DEFICIENCY_DETECTOR\Model_Training\dataset\train\vitamin_b12_deficiency\aug_0_6773.jpg,224,224,160.3,56.91,43.53,8.94,0.0,c761ed940a6dc80e289ed2b5510ce7ef,BLURRY
train,vitamin_b12_deficiency,aug_0_6923.jpg,D:\NUTRITION_DEFICIENCY_DETECTOR\Model_Training\dataset\train\vitamin_b12_deficiency\aug_0_6923.jpg,224,224,225.05,53.64,92.79,66.51,0.41,790345d5e2b55eab87a5a699254933a6,VERY_BRIGHT|OVEREXPOSED
train,vitamin_b12_deficiency,aug_0_701.jpg,D:\NUTRITION_DEFICIENCY_DETECTOR\Model_Training\dataset\train\vitamin_b12_deficiency\aug_0_701.jpg,224,224,181.91,47.17,125.84,4.66,0.02,0b4ebd9bdceb9f7ad1792fb6f5ffeab7,OK
train,vitamin_b12_deficiency,aug_0_7036.jpg,D:\NUTRITION_DEFICIENCY_DETECTOR\Model_Training\dataset\train\vitamin_b12_deficiency\aug_0_7036.jpg,224,224,240.97,38.6,56.66,83.36,0.01,d45deeb6b8bf1e98dc967ff2e278cc9a,VERY_BRIGHT|OVEREXPOSED
train,vitamin_b12_deficiency,aug_0_7054.jpg,D:\NUTRITION_DEFICIENCY_DETECTOR\Model_Training\dataset\train\vitamin_b12_deficiency\aug_0_7054.jpg,224,224,164.4,54.19,334.45,0.93,0.0,56a51c18f21f34103f2eac48c8b99859,OK
train,vitamin_b12_deficiency,aug_0_7069.jpg,D:\NUTRITION_DEFICIENCY_DETECTOR\Model_Training\dataset\train\vitamin_b12_deficiency\aug_0_7069.jpg,224,224,231.37,37.57,74.7,63.47,0.0,b30f869533658a52e961f557305cc9f8,VERY_BRIGHT|OVEREXPOSED
train,vitamin_b12_deficiency,aug_0_7152.jpg,D:\NUTRITION_DEFICIENCY_DETECTOR\Model_Training\dataset\train\vitamin_b12_deficiency\aug_0_7152.jpg,224,224,147.14,73.51,106.41,15.83,0.05,eea034768323c6b225dbe93f5b2aacd7,OK
train,vitamin_b12_deficiency,aug_0_7312.jpg,D:\NUTRITION_DEFICIENCY_DETECTOR\Model_Training\dataset\train\vitamin_b12_deficiency\aug_0_7312.jpg,224,224,239.75,38.9,53.29,82.52,0.01,0e57fdbaf1584a011b8ae5a79b5d84b0,VERY_BRIGHT|OVEREXPOSED
train,vitamin_b12_deficiency,aug_0_7419.jpg,D:\NUTRITION_DEFICIENCY_DETECTOR\Model_Training\dataset\train\vitamin_b12_deficiency\aug_0_7419.jpg,224,224,209.01,61.91,141.44,54.61,0.04,7b3a14302ecb08f4ba78712c6443ab40,OK
train,vitamin_b12_deficiency,aug_0_7476.jpg,D:\NUTRITION_DEFICIENCY_DETECTOR\Model_Training\dataset\train\vitamin_b12_deficiency\aug_0_7476.jpg,224,224,180.48,64.46,150.93,17.43,0.0,4ca9e8b797166295721afcd6a4b39d43,OK
train,vitamin_b12_deficiency,aug_0_7559.jpg,D:\NUTRITION_DEFICIENCY_DETECTOR\Model_Training\dataset\train\vitamin_b12_deficiency\aug_0_7559.jpg,224,224,192.06,47.53,106.36,17.16,0.0,2b882af7d2bf26e88d4e3046230a83ae,OK
train,vitamin_b12_deficiency,aug_0_7642.jpg,D:\NUTRITION_DEFICIENCY_DETECTOR\Model_Training\dataset\train\vitamin_b12_deficiency\aug_0_7642.jpg,224,224,188.59,54.86,40.6,29.55,0.0,c786e50a9c47899ebbb0e793fb6a3d02,BLURRY
train,vitamin_b12_deficiency,aug_0_770.jpg,D:\NUTRITION_DEFICIENCY_DETECTOR\Model_Training\dataset\train\vitamin_b12_deficiency\aug_0_770.jpg,224,224,150.74,40.8,191.46,0.53,0.0,15576368e5da6a22e1d0180a2ab56ee4,OK
train,vitamin_b12_deficiency,aug_0_7728.jpg,D:\NUTRITION_DEFICIENCY_DETECTOR\Model_Training\dataset\train\vitamin_b12_deficiency\aug_0_7728.jpg,224,224,225.81,40.74,32.69,51.64,0.0,38dacc9d905b7dae3e927bb60371f1a2,BLURRY|VERY_BRIGHT
train,vitamin_b12_deficiency,aug_0_7790.jpg,D:\NUTRITION_DEFICIENCY_DETECTOR\Model_Training\dataset\train\vitamin_b12_deficiency\aug_0_7790.jpg,224,224,198.54,66.8,322.24,41.55,0.0,d53d965c6da7aaa732e6260271e636dc,OK
train,vitamin_b12_deficiency,aug_0_7974.jpg,D:\NUTRITION_DEFICIENCY_DETECTOR\Model_Training\dataset\train\vitamin_b12_deficiency\aug_0_7974.jpg,224,224,212.27,58.19,75.99,45.95,0.52,7bcfffc15da48a1f27728bb76edcd79a,OK
train,vitamin_b12_deficiency,aug_0_7991.jpg,D:\NUTRITION_DEFICIENCY_DETECTOR\Model_Training\dataset\train\vitamin_b12_deficiency\aug_0_7991.jpg,224,224,241.77,31.13,79.72,80.22,0.0,768974cd1f23a8c9f01a6b0e8d6389c5,VERY_BRIGHT|OVEREXPOSED
train,vitamin_b12_deficiency,aug_0_8028.jpg,D:\NUTRITION_DEFICIENCY_DETECTOR\Model_Training\dataset\train\vitamin_b12_deficiency\aug_0_8028.jpg,224,224,153.24,56.22,488.27,8.08,1.11,c456deaa7e0ae10820f92f75df6635d7,OK
train,vitamin_b12_deficiency,aug_0_8093.jpg,D:\NUTRITION_DEFICIENCY_DETECTOR\Model_Training\dataset\train\vitamin_b12_deficiency\aug_0_8093.jpg,224,224,176.15,55.99,84.77,13.36,0.0,577ee32069f99d828d54aa0b5f140a90,OK
train,vitamin_b12_deficiency,aug_0_8183.jpg,D:\NUTRITION_DEFICIENCY_DETECTOR\Model_Training\dataset\train\vitamin_b12_deficiency\aug_0_8183.jpg,224,224,157.06,55.44,511.65,8.2,0.24,210bbc592b08052a162fa5b1befc01b5,OK
train,vitamin_b12_deficiency,aug_0_8251.jpg,D:\NUTRITION_DEFICIENCY_DETECTOR\Model_Training\dataset\train\vitamin_b12_deficiency\aug_0_8251.jpg,224,224,198.29,59.96,122.4,38.75,0.13,bdab797e6dc63717d109e5899608788b,OK
train,vitamin_b12_deficiency,aug_0_8330.jpg,D:\NUTRITION_DEFICIENCY_DETECTOR\Model_Training\dataset\train\vitamin_b12_deficiency\aug_0_8330.jpg,224,224,195.08,56.76,58.6,36.65,0.0,512cbfecfa09ddedd53aa6176f2ef1f7,OK
train,vitamin_b12_deficiency,aug_0_8490.jpg,D:\NUTRITION_DEFICIENCY_DETECTOR\Model_Training\dataset\train\vitamin_b12_deficiency\aug_0_8490.jpg,224,224,178.81,56.74,85.13,8.51,0.0,2a979032fb4e33fd645f9a188f7bbfb3,OK
train,vitamin_b12_deficiency,aug_0_8526.jpg,D:\NUTRITION_DEFICIENCY_DETECTOR\Model_Training\dataset\train\vitamin_b12_deficiency\aug_0_8526.jpg,224,224,200.29,56.17,125.07,34.82,0.0,db743fd9f2c1ed1ccc6ee499e1f7aeae,OK
train,vitamin_b12_deficiency,aug_0_8576.jpg,D:\NUTRITION_DEFICIENCY_DETECTOR\Model_Training\dataset\train\vitamin_b12_deficiency\aug_0_8576.jpg,224,224,213.47,55.98,126.83,50.1,0.2,01f24b43819626b7223ba6843c62ae2f,OK
train,vitamin_b12_deficiency,aug_0_8594.jpg,D:\NUTRITION_DEFICIENCY_DETECTOR\Model_Training\dataset\train\vitamin_b12_deficiency\aug_0_8594.jpg,224,224,190.34,62.59,101.5,33.63,0.16,a95c2c292d33245a84e650f4dd368299,OK
train,vitamin_b12_deficiency,aug_0_8677.jpg,D:\NUTRITION_DEFICIENCY_DETECTOR\Model_Training\dataset\train\vitamin_b12_deficiency\aug_0_8677.jpg,224,224,185.26,62.23,219.77,18.27,0.24,8e9920d535f6b28d0dde892fbc496096,OK
train,vitamin_b12_deficiency,aug_0_8703.jpg,D:\NUTRITION_DEFICIENCY_DETECTOR\Model_Training\dataset\train\vitamin_b12_deficiency\aug_0_8703.jpg,224,224,211.44,52.2,96.83,20.93,0.45,a3c8c8bf9982cf308a0419c24ff8a344,OK
train,vitamin_b12_deficiency,aug_0_877.jpg,D:\NUTRITION_DEFICIENCY_DETECTOR\Model_Training\dataset\train\vitamin_b12_deficiency\aug_0_877.jpg,224,224,180.4,56.09,195.9,14.54,0.08,d9546221935513be0038be1e269c36f3,OK
train,vitamin_b12_deficiency,aug_0_8987.jpg,D:\NUTRITION_DEFICIENCY_DETECTOR\Model_Training\dataset\train\vitamin_b12_deficiency\aug_0_8987.jpg,224,224,227.38,39.71,76.14,53.77,0.0,bec48861ae9f89f7fb741118bd91bce4,VERY_BRIGHT
train,vitamin_b12_deficiency,aug_0_9003.jpg,D:\NUTRITION_DEFICIENCY_DETECTOR\Model_Training\dataset\train\vitamin_b12_deficiency\aug_0_9003.jpg,224,224,205.14,62.13,110.46,44.89,0.07,2413efa05d8a3e6bc2963deee83ec102,OK
train,vitamin_b12_deficiency,aug_0_9036.jpg,D:\NUTRITION_DEFICIENCY_DETECTOR\Model_Training\dataset\train\vitamin_b12_deficiency\aug_0_9036.jpg,224,224,145.82,73.97,88.2,15.86,0.09,8d05ca4233813f02a5a4a4eb0ae5a516,OK
train,vitamin_b12_deficiency,aug_0_9127.jpg,D:\NUTRITION_DEFICIENCY_DETECTOR\Model_Training\dataset\train\vitamin_b12_deficiency\aug_0_9127.jpg,224,224,220.71,32.62,63.45,30.82,0.0,1584a768077180ac60ea9dd1c0ea11bc,VERY_BRIGHT
train,vitamin_b12_deficiency,aug_0_9205.jpg,D:\NUTRITION_DEFICIENCY_DETECTOR\Model_Training\dataset\train\vitamin_b12_deficiency\aug_0_9205.jpg,224,224,147.45,55.97,471.8,7.46,0.25,8295db13757e02798018eab7656857f1,OK
train,vitamin_b12_deficiency,aug_0_9222.jpg,D:\NUTRITION_DEFICIENCY_DETECTOR\Model_Training\dataset\train\vitamin_b12_deficiency\aug_0_9222.jpg,224,224,179.52,58.34,87.42,10.61,0.0,8c3f44e73128f3d462a4f166095f58ea,OK
train,vitamin_b12_deficiency,aug_0_9241.jpg,D:\NUTRITION_DEFICIENCY_DETECTOR\Model_Training\dataset\train\vitamin_b12_deficiency\aug_0_9241.jpg,224,224,154.19,60.56,220.0,13.43,0.0,207803dd98ba3bfca083c796a806189e,OK
train,vitamin_b12_deficiency,aug_0_927.jpg,D:\NUTRITION_DEFICIENCY_DETECTOR\Model_Training\dataset\train\vitamin_b12_deficiency\aug_0_927.jpg,224,224,201.43,45.8,117.49,21.93,0.0,dc5f8f5602284fc48d6f9a0cbfd1db39,OK
train,vitamin_b12_deficiency,aug_0_9285.jpg,D:\NUTRITION_DEFICIENCY_DETECTOR\Model_Training\dataset\train\vitamin_b12_deficiency\aug_0_9285.jpg,224,224,186.74,60.05,177.81,18.47,0.0,2a764e6f5cff08ba0d76fa297aff97f8,OK
train,vitamin_b12_deficiency,aug_0_9339.jpg,D:\NUTRITION_DEFICIENCY_DETECTOR\Model_Training\dataset\train\vitamin_b12_deficiency\aug_0_9339.jpg,224,224,157.27,41.68,211.54,1.2,0.0,14a3e1d46b8768de532fb7c48cabc0a2,OK
train,vitamin_b12_deficiency,aug_0_9490.jpg,D:\NUTRITION_DEFICIENCY_DETECTOR\Model_Training\dataset\train\vitamin_b12_deficiency\aug_0_9490.jpg,224,224,223.68,39.6,77.74,47.72,0.0,392efd8419b4a984256c003d3466ba0a,VERY_BRIGHT
train,vitamin_b12_deficiency,aug_0_967.jpg,D:\NUTRITION_DEFICIENCY_DETECTOR\Model_Training\dataset\train\vitamin_b12_deficiency\aug_0_967.jpg,224,224,228.97,47.75,81.54,66.41,0.0,77103c67b330b21f2134a8cdac5f070c,VERY_BRIGHT|OVEREXPOSED
train,vitamin_b12_deficiency,aug_0_9682.jpg,D:\NUTRITION_DEFICIENCY_DETECTOR\Model_Training\dataset\train\vitamin_b12_deficiency\aug_0_9682.jpg,224,224,225.23,41.89,48.37,57.7,0.0,278ec681ce71eca6911367cfb2fd2822,BLURRY|VERY_BRIGHT
train,vitamin_b12_deficiency,aug_0_9756.jpg,D:\NUTRITION_DEFICIENCY_DETECTOR\Model_Training\dataset\train\vitamin_b12_deficiency\aug_0_9756.jpg,224,224,154.36,70.11,108.75,9.9,0.19,33cb52fc2672cde128d93fa02292411b,OK
train,vitamin_b12_deficiency,aug_0_981.jpg,D:\NUTRITION_DEFICIENCY_DETECTOR\Model_Training\dataset\train\vitamin_b12_deficiency\aug_0_981.jpg,224,224,246.49,24.54,76.41,85.78,0.0,06bd7ca4b0fd19da4a923d0e1a35eeae,VERY_BRIGHT|OVEREXPOSED
train,vitamin_d_deficiency,000001.jpg,D:\NUTRITION_DEFICIENCY_DETECTOR\Model_Training\dataset\train\vitamin_d_deficiency\000001.jpg,224,224,139.55,68.53,113.76,8.27,0.01,edbd59289e1b3cbd07363b53bd54b5a1,OK
train,vitamin_d_deficiency,000005.jpg,D:\NUTRITION_DEFICIENCY_DETECTOR\Model_Training\dataset\train\vitamin_d_deficiency\000005.jpg,224,224,221.72,39.79,99.03,44.34,0.0,ba5926a65b256772315506b89ffddaf0,VERY_BRIGHT
train,vitamin_d_deficiency,000006.png,D:\NUTRITION_DEFICIENCY_DETECTOR\Model_Training\dataset\train\vitamin_d_deficiency\000006.png,224,224,155.34,72.25,196.52,14.37,0.6,dfaed09457f35fd027f9208926dc73ef,OK
train,vitamin_d_deficiency,000007.jpg,D:\NUTRITION_DEFICIENCY_DETECTOR\Model_Training\dataset\train\vitamin_d_deficiency\000007.jpg,224,224,162.84,46.82,270.97,3.04,0.01,4afd3c135d188b656cc763802373670b,OK
train,vitamin_d_deficiency,000008.jpg,D:\NUTRITION_DEFICIENCY_DETECTOR\Model_Training\dataset\train\vitamin_d_deficiency\000008.jpg,224,224,199.21,62.37,154.06,40.85,0.01,cc59883ffc58b67c0a3f6cc3788f3f7f,OK
train,vitamin_d_deficiency,000010.jpg,D:\NUTRITION_DEFICIENCY_DETECTOR\Model_Training\dataset\train\vitamin_d_deficiency\000010.jpg,224,224,173.02,44.25,161.17,2.64,0.0,32085a34926216184acc2ca078ebbda0,OK
train,vitamin_d_deficiency,000011.png,D:\NUTRITION_DEFICIENCY_DETECTOR\Model_Training\dataset\train\vitamin_d_deficiency\000011.png,224,224,196.1,71.72,490.44,35.12,0.0,1c502ee63eb487ba55a7c59590fb970c,OK
train,vitamin_d_deficiency,000012.jpg,D:\NUTRITION_DEFICIENCY_DETECTOR\Model_Training\dataset\train\vitamin_d_deficiency\000012.jpg,224,224,184.85,61.82,131.91,21.54,0.0,db1fdbc67e4f132f00f1a418bd6a6908,OK
train,vitamin_d_deficiency,000014.jpg,D:\NUTRITION_DEFICIENCY_DETECTOR\Model_Training\dataset\train\vitamin_d_deficiency\000014.jpg,224,224,180.1,45.09,127.39,3.85,0.0,75e05c3b30512cbbdfb947de22b24e6c,OK
train,vitamin_d_deficiency,000020.png,D:\NUTRITION_DEFICIENCY_DETECTOR\Model_Training\dataset\train\vitamin_d_deficiency\000020.png,224,224,180.16,41.09,113.82,0.12,0.0,63cd2b7242fd815ceddee7e86d9bc123,OK
train,vitamin_d_deficiency,000021.jpg,D:\NUTRITION_DEFICIENCY_DETECTOR\Model_Training\dataset\train\vitamin_d_deficiency\000021.jpg,224,224,218.53,52.73,81.39,53.1,0.0,83c78b39b4f1329f38213b832d4f4fe8,OK
train,vitamin_d_deficiency,000022.jpg,D:\NUTRITION_DEFICIENCY_DETECTOR\Model_Training\dataset\train\vitamin_d_deficiency\000022.jpg,224,224,168.82,58.44,240.01,12.5,0.02,fd73c5851f24865fda56aa122fd894cf,OK
train,vitamin_d_deficiency,000024.jpg,D:\NUTRITION_DEFICIENCY_DETECTOR\Model_Training\dataset\train\vitamin_d_deficiency\000024.jpg,224,224,194.62,46.41,136.65,3.89,0.0,4a03e2451f55955d9e8d5ab1c5d7353e,OK
train,vitamin_d_deficiency,000026.jpg,D:\NUTRITION_DEFICIENCY_DETECTOR\Model_Training\dataset\train\vitamin_d_deficiency\000026.jpg,224,224,136.67,59.93,123.67,6.37,0.03,a032e3047cc8b5e84ed7fe5d0f6e33d7,OK
train,vitamin_d_deficiency,000028.jpg,D:\NUTRITION_DEFICIENCY_DETECTOR\Model_Training\dataset\train\vitamin_d_deficiency\000028.jpg,224,224,193.78,54.96,53.02,27.55,0.0,f57ae219e082cb344a12eb152615d178,OK
train,vitamin_d_deficiency,000029.jpg,D:\NUTRITION_DEFICIENCY_DETECTOR\Model_Training\dataset\train\vitamin_d_deficiency\000029.jpg,224,224,169.27,61.86,276.11,21.62,0.0,0990e185a4b23d2ed2b7523ba1993db9,OK
train,vitamin_d_deficiency,000032.jpg,D:\NUTRITION_DEFICIENCY_DETECTOR\Model_Training\dataset\train\vitamin_d_deficiency\000032.jpg,224,224,168.98,50.46,356.2,1.46,0.0,269ff6221815341a5d18339f8b2fdcc8,OK
train,vitamin_d_deficiency,000034.jpg,D:\NUTRITION_DEFICIENCY_DETECTOR\Model_Training\dataset\train\vitamin_d_deficiency\000034.jpg,224,224,174.21,65.32,203.17,19.79,0.04,ce5c1df8fd85333d24836f5f3e87bf6e,OK
train,vitamin_d_deficiency,000037.jpg,D:\NUTRITION_DEFICIENCY_DETECTOR\Model_Training\dataset\train\vitamin_d_deficiency\000037.jpg,224,224,217.03,52.52,92.63,49.98,0.0,79fcb38e9797a4e63794f5d01e23f9a4,OK
train,vitamin_d_deficiency,000038.jpg,D:\NUTRITION_DEFICIENCY_DETECTOR\Model_Training\dataset\train\vitamin_d_deficiency\000038.jpg,224,224,174.97,47.9,114.93,13.3,0.0,999073596bacd88ff29703b11b2cea73,OK
train,vitamin_d_deficiency,000041.jpg,D:\NUTRITION_DEFICIENCY_DETECTOR\Model_Training\dataset\train\vitamin_d_deficiency\000041.jpg,224,224,130.18,74.2,98.32,7.95,0.0,d4589a84801e78012a7e258cde575c6a,OK
train,vitamin_d_deficiency,000042.jpg,D:\NUTRITION_DEFICIENCY_DETECTOR\Model_Training\dataset\train\vitamin_d_deficiency\000042.jpg,224,224,237.82,39.53,74.45,78.89,0.0,952e6a9da9017b9fd0a55266c7376bb1,VERY_BRIGHT|OVEREXPOSED
train,vitamin_d_deficiency,000044.jpg,D:\NUTRITION_DEFICIENCY_DETECTOR\Model_Training\dataset\train\vitamin_d_deficiency\000044.jpg,224,224,218.61,52.59,113.13,53.07,0.0,9c100ee950b6510405dd69cb69aebc6e,OK
train,vitamin_d_deficiency,000047.jpg,D:\NUTRITION_DEFICIENCY_DETECTOR\Model_Training\dataset\train\vitamin_d_deficiency\000047.jpg,224,224,160.26,65.01,98.13,8.62,0.01,2fc1b2216ce1b2ade4f91d0b77433749,OK
train,vitamin_d_deficiency,000050.png,D:\NUTRITION_DEFICIENCY_DETECTOR\Model_Training\dataset\train\vitamin_d_deficiency\000050.png,224,224,170.2,51.71,297.22,11.57,0.0,60f5f35eb4af6b60f06a103fcb963889,OK
train,vitamin_d_deficiency,aug_0_1018.jpg,D:\NUTRITION_DEFICIENCY_DETECTOR\Model_Training\dataset\train\vitamin_d_deficiency\aug_0_1018.jpg,224,224,131.69,77.8,78.51,7.74,9.56,4b256cb1dc8f6be8e5da4b67fa4fd6cb,OK
train,vitamin_d_deficiency,aug_0_1158.jpg,D:\NUTRITION_DEFICIENCY_DETECTOR\Model_Training\dataset\train\vitamin_d_deficiency\aug_0_1158.jpg,224,224,119.2,59.39,61.35,4.99,0.56,14c7155b0ed4a6f884859ce1f98d7b29,OK
train,vitamin_d_deficiency,aug_0_1228.jpg,D:\NUTRITION_DEFICIENCY_DETECTOR\Model_Training\dataset\train\vitamin_d_deficiency\aug_0_1228.jpg,224,224,160.63,52.26,139.23,2.45,0.06,a2d028e30cbc73c6d81c590e11ad7a2a,OK
train,vitamin_d_deficiency,aug_0_1277.jpg,D:\NUTRITION_DEFICIENCY_DETECTOR\Model_Training\dataset\train\vitamin_d_deficiency\aug_0_1277.jpg,224,224,210.13,59.35,79.85,47.74,0.0,f63bb30fbba91689b6fc8857a365ddfd,OK
train,vitamin_d_deficiency,aug_0_1279.jpg,D:\NUTRITION_DEFICIENCY_DETECTOR\Model_Training\dataset\train\vitamin_d_deficiency\aug_0_1279.jpg,224,224,169.13,54.77,304.69,1.84,0.0,4a23bf0ba14d62265aeb8f35adc53fd0,OK
train,vitamin_d_deficiency,aug_0_1419.jpg,D:\NUTRITION_DEFICIENCY_DETECTOR\Model_Training\dataset\train\vitamin_d_deficiency\aug_0_1419.jpg,224,224,137.46,67.56,20.41,7.86,0.0,3bc82e14eace7c4ff524aa2cba7b333f,BLURRY
train,vitamin_d_deficiency,aug_0_1552.jpg,D:\NUTRITION_DEFICIENCY_DETECTOR\Model_Training\dataset\train\vitamin_d_deficiency\aug_0_1552.jpg,224,224,200.26,61.93,168.7,40.83,0.04,63e4adbe2077c6b98af94eb4d8be40b3,OK
train,vitamin_d_deficiency,aug_0_1652.jpg,D:\NUTRITION_DEFICIENCY_DETECTOR\Model_Training\dataset\train\vitamin_d_deficiency\aug_0_1652.jpg,224,224,71.63,66.96,64.87,0.79,6.55,4df0b0b4a687b50dd2811f996b3bd67a,OK
train,vitamin_d_deficiency,aug_0_1715.jpg,D:\NUTRITION_DEFICIENCY_DETECTOR\Model_Training\dataset\train\vitamin_d_deficiency\aug_0_1715.jpg,224,224,159.72,75.55,216.62,28.24,1.49,aa7f39b497c41832583064ad296248f6,OK
train,vitamin_d_deficiency,aug_0_1806.jpg,D:\NUTRITION_DEFICIENCY_DETECTOR\Model_Training\dataset\train\vitamin_d_deficiency\aug_0_1806.jpg,224,224,189.82,64.22,208.4,29.48,0.05,1413bad9cde6975b01f112d818b4e662,OK
train,vitamin_d_deficiency,aug_0_1847.jpg,D:\NUTRITION_DEFICIENCY_DETECTOR\Model_Training\dataset\train\vitamin_d_deficiency\aug_0_1847.jpg,224,224,231.83,36.99,77.57,60.17,0.0,26f49d4a966ebef1005ca303bdc0de22,VERY_BRIGHT|OVEREXPOSED
train,vitamin_d_deficiency,aug_0_1927.jpg,D:\NUTRITION_DEFICIENCY_DETECTOR\Model_Training\dataset\train\vitamin_d_deficiency\aug_0_1927.jpg,224,224,161.23,66.43,266.38,18.45,0.0,dd25ad4348b73a5eb3ec20ac2c4c254c,OK
train,vitamin_d_deficiency,aug_0_1933.jpg,D:\NUTRITION_DEFICIENCY_DETECTOR\Model_Training\dataset\train\vitamin_d_deficiency\aug_0_1933.jpg,224,224,232.53,37.87,137.79,61.95,0.0,43ab1f446d5a7302aca06860b63c24e3,VERY_BRIGHT|OVEREXPOSED
train,vitamin_d_deficiency,aug_0_211.jpg,D:\NUTRITION_DEFICIENCY_DETECTOR\Model_Training\dataset\train\vitamin_d_deficiency\aug_0_211.jpg,224,224,133.02,67.17,24.73,10.99,0.0,2a9aa48b49350594dfb52b276233accc,BLURRY
train,vitamin_d_deficiency,aug_0_2222.jpg,D:\NUTRITION_DEFICIENCY_DETECTOR\Model_Training\dataset\train\vitamin_d_deficiency\aug_0_2222.jpg,224,224,190.52,65.01,122.47,28.2,0.0,f26af834c6b7b9f66b9777c44dbcee5f,OK
train,vitamin_d_deficiency,aug_0_2422.jpg,D:\NUTRITION_DEFICIENCY_DETECTOR\Model_Training\dataset\train\vitamin_d_deficiency\aug_0_2422.jpg,224,224,174.73,61.93,146.36,19.33,0.09,2f3df89d19712756993ca4f3ee512707,OK
train,vitamin_d_deficiency,aug_0_2537.jpg,D:\NUTRITION_DEFICIENCY_DETECTOR\Model_Training\dataset\train\vitamin_d_deficiency\aug_0_2537.jpg,224,224,182.48,66.77,103.03,24.16,0.01,6e1803f9a77c23d1ec18d6ae8f940df6,OK
train,vitamin_d_deficiency,aug_0_2637.jpg,D:\NUTRITION_DEFICIENCY_DETECTOR\Model_Training\dataset\train\vitamin_d_deficiency\aug_0_2637.jpg,224,224,231.19,46.74,73.77,69.6,0.02,9d2aa640d955b3aee84d6a5102ec56e4,VERY_BRIGHT|OVEREXPOSED
train,vitamin_d_deficiency,aug_0_2815.jpg,D:\NUTRITION_DEFICIENCY_DETECTOR\Model_Training\dataset\train\vitamin_d_deficiency\aug_0_2815.jpg,224,224,164.99,53.17,248.28,8.02,0.02,f3906e85d4a62f9fdd71aa71096dce7e,OK
train,vitamin_d_deficiency,aug_0_2967.jpg,D:\NUTRITION_DEFICIENCY_DETECTOR\Model_Training\dataset\train\vitamin_d_deficiency\aug_0_2967.jpg,224,224,169.11,57.25,246.82,5.62,0.0,7edd4a1d36f8c9f671e00905764ee885,OK
train,vitamin_d_deficiency,aug_0_3113.jpg,D:\NUTRITION_DEFICIENCY_DETECTOR\Model_Training\dataset\train\vitamin_d_deficiency\aug_0_3113.jpg,224,224,212.35,56.35,70.76,47.44,0.03,8e86e952501cf4576278e7afa2cb9af9,OK
train,vitamin_d_deficiency,aug_0_3130.jpg,D:\NUTRITION_DEFICIENCY_DETECTOR\Model_Training\dataset\train\vitamin_d_deficiency\aug_0_3130.jpg,224,224,237.31,40.14,64.51,78.18,0.0,558b361f5c8cc49c05bf022dc1b68c40,VERY_BRIGHT|OVEREXPOSED
train,vitamin_d_deficiency,aug_0_3171.jpg,D:\NUTRITION_DEFICIENCY_DETECTOR\Model_Training\dataset\train\vitamin_d_deficiency\aug_0_3171.jpg,224,224,171.06,57.82,670.88,9.92,0.52,8ab5acd6d0fde77edf8ec452d0d9eebc,OK
train,vitamin_d_deficiency,aug_0_3196.jpg,D:\NUTRITION_DEFICIENCY_DETECTOR\Model_Training\dataset\train\vitamin_d_deficiency\aug_0_3196.jpg,224,224,216.33,53.83,78.53,48.74,0.0,75f374e479384d61166baf87d5080b9c,OK
train,vitamin_d_deficiency,aug_0_3233.jpg,D:\NUTRITION_DEFICIENCY_DETECTOR\Model_Training\dataset\train\vitamin_d_deficiency\aug_0_3233.jpg,224,224,184.17,79.27,391.25,26.83,10.83,63f3f86b528648e7072c96cfc6cd8857,OK
train,vitamin_d_deficiency,aug_0_3259.jpg,D:\NUTRITION_DEFICIENCY_DETECTOR\Model_Training\dataset\train\vitamin_d_deficiency\aug_0_3259.jpg,224,224,195.07,48.27,116.62,4.43,0.01,5013b87ab8df3586d9d47899012a85a3,OK
train,vitamin_d_deficiency,aug_0_3309.jpg,D:\NUTRITION_DEFICIENCY_DETECTOR\Model_Training\dataset\train\vitamin_d_deficiency\aug_0_3309.jpg,224,224,163.19,52.81,240.77,1.08,0.0,583827c6813e41788c8295d50761cca2,OK
train,vitamin_d_deficiency,aug_0_331.jpg,D:\NUTRITION_DEFICIENCY_DETECTOR\Model_Training\dataset\train\vitamin_d_deficiency\aug_0_331.jpg,224,224,169.33,61.84,33.86,2.61,0.36,70ab8e9497c686a6152b117515765d14,BLURRY
train,vitamin_d_deficiency,aug_0_3487.jpg,D:\NUTRITION_DEFICIENCY_DETECTOR\Model_Training\dataset\train\vitamin_d_deficiency\aug_0_3487.jpg,224,224,194.12,70.12,360.17,33.85,4.63,8286786311553a9915e0309e0349115b,OK
train,vitamin_d_deficiency,aug_0_3499.jpg,D:\NUTRITION_DEFICIENCY_DETECTOR\Model_Training\dataset\train\vitamin_d_deficiency\aug_0_3499.jpg,224,224,147.98,73.99,43.5,2.17,3.02,10490acaec45dd8d41daba79db9ceffa,BLURRY
train,vitamin_d_deficiency,aug_0_3572.jpg,D:\NUTRITION_DEFICIENCY_DETECTOR\Model_Training\dataset\train\vitamin_d_deficiency\aug_0_3572.jpg,224,224,200.09,63.69,54.2,43.2,0.0,8b1223bffe349702515144ad915e712b,OK
train,vitamin_d_deficiency,aug_0_3596.jpg,D:\NUTRITION_DEFICIENCY_DETECTOR\Model_Training\dataset\train\vitamin_d_deficiency\aug_0_3596.jpg,224,224,132.16,69.6,15.55,15.55,0.0,86c8bd51a6656e2f090d4d798481f944,BLURRY
train,vitamin_d_deficiency,aug_0_3955.jpg,D:\NUTRITION_DEFICIENCY_DETECTOR\Model_Training\dataset\train\vitamin_d_deficiency\aug_0_3955.jpg,224,224,187.04,56.75,427.16,11.65,0.0,27e4c9f47b63cf9f259393aff2f9b53e,OK
train,vitamin_d_deficiency,aug_0_4111.jpg,D:\NUTRITION_DEFICIENCY_DETECTOR\Model_Training\dataset\train\vitamin_d_deficiency\aug_0_4111.jpg,224,224,67.54,57.68,78.55,0.86,2.81,8126c4afac26f822bd602953f36903dd,OK
train,vitamin_d_deficiency,aug_0_4136.jpg,D:\NUTRITION_DEFICIENCY_DETECTOR\Model_Training\dataset\train\vitamin_d_deficiency\aug_0_4136.jpg,224,224,220.13,52.57,69.09,55.05,0.01,f1bf398fe3171ed6f29f409068954d39,VERY_BRIGHT
train,vitamin_d_deficiency,aug_0_4193.jpg,D:\NUTRITION_DEFICIENCY_DETECTOR\Model_Training\dataset\train\vitamin_d_deficiency\aug_0_4193.jpg,224,224,164.88,63.95,294.67,19.89,0.0,fed30c4d13ee4aab2b43770138ee4669,OK
train,vitamin_d_deficiency,aug_0_421.jpg,D:\NUTRITION_DEFICIENCY_DETECTOR\Model_Training\dataset\train\vitamin_d_deficiency\aug_0_421.jpg,224,224,196.48,58.6,973.46,31.58,0.4,175201a6ba444eb7c67159e306fe0e77,OK
train,vitamin_d_deficiency,aug_0_4216.jpg,D:\NUTRITION_DEFICIENCY_DETECTOR\Model_Training\dataset\train\vitamin_d_deficiency\aug_0_4216.jpg,224,224,167.88,62.99,798.1,12.01,1.48,db90a75589d247f6c341d4dbc2287680,OK
train,vitamin_d_deficiency,aug_0_4276.jpg,D:\NUTRITION_DEFICIENCY_DETECTOR\Model_Training\dataset\train\vitamin_d_deficiency\aug_0_4276.jpg,224,224,193.84,60.81,111.3,31.14,0.25,0acfa288a2d2a0a09e55b0fd16ff13f6,OK
train,vitamin_d_deficiency,aug_0_4296.jpg,D:\NUTRITION_DEFICIENCY_DETECTOR\Model_Training\dataset\train\vitamin_d_deficiency\aug_0_4296.jpg,224,224,169.5,76.02,223.3,33.34,1.15,b3651fc4e9daca4f00c2757406cfbb63,OK
train,vitamin_d_deficiency,aug_0_4309.jpg,D:\NUTRITION_DEFICIENCY_DETECTOR\Model_Training\dataset\train\vitamin_d_deficiency\aug_0_4309.jpg,224,224,209.32,60.68,207.26,52.74,0.04,aaeb1ba3b589eb8c5921c203b728956f,OK
train,vitamin_d_deficiency,aug_0_4393.jpg,D:\NUTRITION_DEFICIENCY_DETECTOR\Model_Training\dataset\train\vitamin_d_deficiency\aug_0_4393.jpg,224,224,170.72,64.96,304.99,23.54,0.0,c1476a16301269a2a6db9610dbf0ba4e,OK
train,vitamin_d_deficiency,aug_0_4466.jpg,D:\NUTRITION_DEFICIENCY_DETECTOR\Model_Training\dataset\train\vitamin_d_deficiency\aug_0_4466.jpg,224,224,153.49,71.53,181.62,12.19,2.62,89a27671d5a6c50f819e5230dc2149c9,OK
train,vitamin_d_deficiency,aug_0_4469.jpg,D:\NUTRITION_DEFICIENCY_DETECTOR\Model_Training\dataset\train\vitamin_d_deficiency\aug_0_4469.jpg,224,224,158.21,60.59,145.94,3.67,0.09,eed9fc6aaea7a4bef6ed58dc9c3549cd,OK
train,vitamin_d_deficiency,aug_0_4489.jpg,D:\NUTRITION_DEFICIENCY_DETECTOR\Model_Training\dataset\train\vitamin_d_deficiency\aug_0_4489.jpg,224,224,184.99,49.52,123.03,3.67,0.0,954c4ac5138ec9eed78afa0da8b58466,OK
train,vitamin_d_deficiency,aug_0_4494.jpg,D:\NUTRITION_DEFICIENCY_DETECTOR\Model_Training\dataset\train\vitamin_d_deficiency\aug_0_4494.jpg,224,224,121.12,60.25,83.55,5.42,0.15,60a5ea1a5fb2bd5e4c4a1c7849c2cf3a,OK
train,vitamin_d_deficiency,aug_0_4497.jpg,D:\NUTRITION_DEFICIENCY_DETECTOR\Model_Training\dataset\train\vitamin_d_deficiency\aug_0_4497.jpg,224,224,166.4,76.67,187.95,23.62,2.92,0d070294d24deba3a96f206a6b8ccf1e,OK
train,vitamin_d_deficiency,aug_0_4601.jpg,D:\NUTRITION_DEFICIENCY_DETECTOR\Model_Training\dataset\train\vitamin_d_deficiency\aug_0_4601.jpg,224,224,168.76,46.63,148.12,2.15,0.05,7beebf2a856533b612b22523cc79d69d,OK
train,vitamin_d_deficiency,aug_0_4623.jpg,D:\NUTRITION_DEFICIENCY_DETECTOR\Model_Training\dataset\train\vitamin_d_deficiency\aug_0_4623.jpg,224,224,119.55,66.5,122.4,8.15,2.43,efb177da05ac65b899825ebcc9faaf6d,OK
train,vitamin_d_deficiency,aug_0_4668.jpg,D:\NUTRITION_DEFICIENCY_DETECTOR\Model_Training\dataset\train\vitamin_d_deficiency\aug_0_4668.jpg,224,224,162.36,49.18,132.33,2.19,0.16,f3f35b74a825e48d2b626046a382359a,OK
train,vitamin_d_deficiency,aug_0_4794.jpg,D:\NUTRITION_DEFICIENCY_DETECTOR\Model_Training\dataset\train\vitamin_d_deficiency\aug_0_4794.jpg,224,224,230.08,39.56,48.94,63.78,0.0,6c1435672a000b3c96e30488d18b42f2,BLURRY|VERY_BRIGHT|OVEREXPOSED
train,vitamin_d_deficiency,aug_0_4866.jpg,D:\NUTRITION_DEFICIENCY_DETECTOR\Model_Training\dataset\train\vitamin_d_deficiency\aug_0_4866.jpg,224,224,198.14,81.64,565.2,48.16,10.43,f4fe453580a6e3bac0877f2f7ed977b9,OK
train,vitamin_d_deficiency,aug_0_4879.jpg,D:\NUTRITION_DEFICIENCY_DETECTOR\Model_Training\dataset\train\vitamin_d_deficiency\aug_0_4879.jpg,224,224,126.24,79.07,105.32,8.49,13.5,38a87fa64608b4eb4e6efe34b70e82ca,OK
train,vitamin_d_deficiency,aug_0_4924.jpg,D:\NUTRITION_DEFICIENCY_DETECTOR\Model_Training\dataset\train\vitamin_d_deficiency\aug_0_4924.jpg,224,224,206.08,55.89,82.85,40.77,0.12,f1ef9da0ed3a568132c87e23be3a8219,OK
train,vitamin_d_deficiency,aug_0_5120.jpg,D:\NUTRITION_DEFICIENCY_DETECTOR\Model_Training\dataset\train\vitamin_d_deficiency\aug_0_5120.jpg,224,224,171.03,51.44,116.05,15.18,0.0,e0efac51bd8a4d206c768440139c6590,OK
train,vitamin_d_deficiency,aug_0_5280.jpg,D:\NUTRITION_DEFICIENCY_DETECTOR\Model_Training\dataset\train\vitamin_d_deficiency\aug_0_5280.jpg,224,224,178.19,42.62,96.46,0.05,0.05,859443ca95f09ee9f00896d71758f0d7,OK
train,vitamin_d_deficiency,aug_0_5327.jpg,D:\NUTRITION_DEFICIENCY_DETECTOR\Model_Training\dataset\train\vitamin_d_deficiency\aug_0_5327.jpg,224,224,115.48,80.33,86.8,7.07,9.93,62338101f3090869b5bb014d05e64ae8,OK
train,vitamin_d_deficiency,aug_0_5421.jpg,D:\NUTRITION_DEFICIENCY_DETECTOR\Model_Training\dataset\train\vitamin_d_deficiency\aug_0_5421.jpg,224,224,143.13,70.47,72.42,7.97,0.09,2fb31fb71f3c0a23af547835008d00ca,OK
train,vitamin_d_deficiency,aug_0_5587.jpg,D:\NUTRITION_DEFICIENCY_DETECTOR\Model_Training\dataset\train\vitamin_d_deficiency\aug_0_5587.jpg,224,224,165.7,76.0,272.35,30.92,1.48,4f1cf16153eaf941f923ee926dc73c0d,OK
train,vitamin_d_deficiency,aug_0_5595.jpg,D:\NUTRITION_DEFICIENCY_DETECTOR\Model_Training\dataset\train\vitamin_d_deficiency\aug_0_5595.jpg,224,224,192.73,59.6,98.51,32.18,0.18,40a8b1e88e76eb692ba9cd4182a2fcd7,OK
train,vitamin_d_deficiency,aug_0_5610.jpg,D:\NUTRITION_DEFICIENCY_DETECTOR\Model_Training\dataset\train\vitamin_d_deficiency\aug_0_5610.jpg,224,224,179.57,61.01,178.05,20.26,0.08,cd3d1a85e7d6723f332c1bdc924ce6c7,OK
train,vitamin_d_deficiency,aug_0_5725.jpg,D:\NUTRITION_DEFICIENCY_DETECTOR\Model_Training\dataset\train\vitamin_d_deficiency\aug_0_5725.jpg,224,224,183.73,64.97,104.64,21.83,0.01,3695b68ce5ba3ed53dc0bb08a1613e50,OK
train,vitamin_d_deficiency,aug_0_5855.jpg,D:\NUTRITION_DEFICIENCY_DETECTOR\Model_Training\dataset\train\vitamin_d_deficiency\aug_0_5855.jpg,224,224,168.88,60.73,49.92,2.11,0.14,31ede1d909529e32d399f450a82d49fe,BLURRY
train,vitamin_d_deficiency,aug_0_5860.jpg,D:\NUTRITION_DEFICIENCY_DETECTOR\Model_Training\dataset\train\vitamin_d_deficiency\aug_0_5860.jpg,224,224,203.18,63.53,129.4,48.52,0.03,dc6c9b913d0576494dc0df08011243f7,OK
train,vitamin_d_deficiency,aug_0_5899.jpg,D:\NUTRITION_DEFICIENCY_DETECTOR\Model_Training\dataset\train\vitamin_d_deficiency\aug_0_5899.jpg,224,224,177.63,46.64,108.68,2.42,0.0,df80adf9c1412ef5c70966238c1e2c78,OK
train,vitamin_d_deficiency,aug_0_5918.jpg,D:\NUTRITION_DEFICIENCY_DETECTOR\Model_Training\dataset\train\vitamin_d_deficiency\aug_0_5918.jpg,224,224,167.55,66.66,102.65,11.96,1.29,eb120b9620360aaa74e29a22bd1645b7,OK
train,vitamin_d_deficiency,aug_0_5999.jpg,D:\NUTRITION_DEFICIENCY_DETECTOR\Model_Training\dataset\train\vitamin_d_deficiency\aug_0_5999.jpg,224,224,174.34,66.75,171.44,20.5,0.13,a82e9dbf468b1ff59915e6e4e4e00bbd,OK
train,vitamin_d_deficiency,aug_0_6040.jpg,D:\NUTRITION_DEFICIENCY_DETECTOR\Model_Training\dataset\train\vitamin_d_deficiency\aug_0_6040.jpg,224,224,167.08,50.8,125.19,11.97,0.0,119ece9970d000b7541d7012965f7230,OK
train,vitamin_d_deficiency,aug_0_6146.jpg,D:\NUTRITION_DEFICIENCY_DETECTOR\Model_Training\dataset\train\vitamin_d_deficiency\aug_0_6146.jpg,224,224,190.38,49.28,95.52,3.42,0.0,c0d581ef106df69533c65a8057838cb4,OK
train,vitamin_d_deficiency,aug_0_643.jpg,D:\NUTRITION_DEFICIENCY_DETECTOR\Model_Training\dataset\train\vitamin_d_deficiency\aug_0_643.jpg,224,224,170.37,64.26,39.02,2.58,1.46,ed74d3ad1f63361428e64a97289fe5cc,BLURRY
train,vitamin_d_deficiency,aug_0_6444.jpg,D:\NUTRITION_DEFICIENCY_DETECTOR\Model_Training\dataset\train\vitamin_d_deficiency\aug_0_6444.jpg,224,224,159.79,52.66,268.64,0.69,0.0,a2fd329d7b8a449cbd046ca2056714ed,OK
train,vitamin_d_deficiency,aug_0_647.jpg,D:\NUTRITION_DEFICIENCY_DETECTOR\Model_Training\dataset\train\vitamin_d_deficiency\aug_0_647.jpg,224,224,169.33,75.46,223.07,31.84,1.33,1304d007546661d88edfd5fd2f222c3a,OK
train,vitamin_d_deficiency,aug_0_6474.jpg,D:\NUTRITION_DEFICIENCY_DETECTOR\Model_Training\dataset\train\vitamin_d_deficiency\aug_0_6474.jpg,224,224,178.87,87.07,423.45,31.51,14.45,b346828fb7fa08c1b01d7dc7a72be555,OK
train,vitamin_d_deficiency,aug_0_649.jpg,D:\NUTRITION_DEFICIENCY_DETECTOR\Model_Training\dataset\train\vitamin_d_deficiency\aug_0_649.jpg,224,224,190.66,66.74,125.96,32.11,0.29,0b7806245f8de385a9771549bc08f01c,OK
train,vitamin_d_deficiency,aug_0_6522.jpg,D:\NUTRITION_DEFICIENCY_DETECTOR\Model_Training\dataset\train\vitamin_d_deficiency\aug_0_6522.jpg,224,224,166.94,68.56,60.54,4.96,6.13,b6254e8c0bad9c06ae1e15d5970fabda,OK
train,vitamin_d_deficiency,aug_0_662.jpg,D:\NUTRITION_DEFICIENCY_DETECTOR\Model_Training\dataset\train\vitamin_d_deficiency\aug_0_662.jpg,224,224,122.34,85.2,106.78,14.39,2.24,5fe3f5e09ea99b242803487e5fbc4c9e,OK
train,vitamin_d_deficiency,aug_0_6704.jpg,D:\NUTRITION_DEFICIENCY_DETECTOR\Model_Training\dataset\train\vitamin_d_deficiency\aug_0_6704.jpg,224,224,168.01,55.9,271.25,8.54,0.01,ddf7b730d5a57fd39668a4cd46cec866,OK
train,vitamin_d_deficiency,aug_0_6774.jpg,D:\NUTRITION_DEFICIENCY_DETECTOR\Model_Training\dataset\train\vitamin_d_deficiency\aug_0_6774.jpg,224,224,136.34,70.59,101.82,7.49,0.11,f10332bcba4d1e5bb04276830f86e739,OK
train,vitamin_d_deficiency,aug_0_682.jpg,D:\NUTRITION_DEFICIENCY_DETECTOR\Model_Training\dataset\train\vitamin_d_deficiency\aug_0_682.jpg,224,224,132.65,79.43,74.38,2.76,12.97,ee22594bc2c1b396cc37f784de3c14b7,OK
train,vitamin_d_deficiency,aug_0_6949.jpg,D:\NUTRITION_DEFICIENCY_DETECTOR\Model_Training\dataset\train\vitamin_d_deficiency\aug_0_6949.jpg,224,224,219.97,57.15,533.38,56.72,1.99,bfc9c6b83b43fbcdad715c44278d42f1,OK
train,vitamin_d_deficiency,aug_0_706.jpg,D:\NUTRITION_DEFICIENCY_DETECTOR\Model_Training\dataset\train\vitamin_d_deficiency\aug_0_706.jpg,224,224,146.66,79.16,64.59,3.37,11.17,338d7bebf93e79257b7b9c207edeeb54,OK
train,vitamin_d_deficiency,aug_0_7076.jpg,D:\NUTRITION_DEFICIENCY_DETECTOR\Model_Training\dataset\train\vitamin_d_deficiency\aug_0_7076.jpg,224,224,242.94,35.2,76.58,84.65,0.0,1bf407bfa5550ec9720a28e578e00bfb,VERY_BRIGHT|OVEREXPOSED
train,vitamin_d_deficiency,aug_0_7105.jpg,D:\NUTRITION_DEFICIENCY_DETECTOR\Model_Training\dataset\train\vitamin_d_deficiency\aug_0_7105.jpg,224,224,237.89,39.84,66.93,79.13,0.0,78b489804233bd35cc25d23af4c854d1,VERY_BRIGHT|OVEREXPOSED
train,vitamin_d_deficiency,aug_0_7128.jpg,D:\NUTRITION_DEFICIENCY_DETECTOR\Model_Training\dataset\train\vitamin_d_deficiency\aug_0_7128.jpg,224,224,239.25,29.6,47.63,71.06,0.0,78c730afe63ac4b7ba451e52bb8a524e,BLURRY|VERY_BRIGHT|OVEREXPOSED
train,vitamin_d_deficiency,aug_0_7137.jpg,D:\NUTRITION_DEFICIENCY_DETECTOR\Model_Training\dataset\train\vitamin_d_deficiency\aug_0_7137.jpg,224,224,192.71,48.62,132.88,5.46,0.05,2f24105a5a9af46ff1594c6e372d106a,OK
train,vitamin_d_deficiency,aug_0_7232.jpg,D:\NUTRITION_DEFICIENCY_DETECTOR\Model_Training\dataset\train\vitamin_d_deficiency\aug_0_7232.jpg,224,224,174.2,48.81,110.26,3.54,0.01,e3edbb457f5a892591fc67461eec8846,OK
train,vitamin_d_deficiency,aug_0_728.jpg,D:\NUTRITION_DEFICIENCY_DETECTOR\Model_Training\dataset\train\vitamin_d_deficiency\aug_0_728.jpg,224,224,224.75,49.93,69.73,59.76,0.0,9c8298f27e5048c0d10a17ab03230dc9,VERY_BRIGHT
train,vitamin_d_deficiency,aug_0_7454.jpg,D:\NUTRITION_DEFICIENCY_DETECTOR\Model_Training\dataset\train\vitamin_d_deficiency\aug_0_7454.jpg,224,224,182.27,63.28,48.75,26.07,0.0,8a28e8891e3790effe52abdf16693d14,BLURRY
train,vitamin_d_deficiency,aug_0_7736.jpg,D:\NUTRITION_DEFICIENCY_DETECTOR\Model_Training\dataset\train\vitamin_d_deficiency\aug_0_7736.jpg,224,224,176.38,54.13,301.6,10.36,0.0,a79a869fbb3430362d69b30221642076,OK
train,vitamin_d_deficiency,aug_0_7809.jpg,D:\NUTRITION_DEFICIENCY_DETECTOR\Model_Training\dataset\train\vitamin_d_deficiency\aug_0_7809.jpg,224,224,125.98,68.5,73.17,6.09,0.12,66e6f95c20f0a3259c59ff8ed9b73c73,OK
train,vitamin_d_deficiency,aug_0_7857.jpg,D:\NUTRITION_DEFICIENCY_DETECTOR\Model_Training\dataset\train\vitamin_d_deficiency\aug_0_7857.jpg,224,224,179.89,50.98,87.97,0.68,0.16,e451a74e322cd0a8e1cbcdc7a49138b8,OK
train,vitamin_d_deficiency,aug_0_79.jpg,D:\NUTRITION_DEFICIENCY_DETECTOR\Model_Training\dataset\train\vitamin_d_deficiency\aug_0_79.jpg,224,224,165.38,46.85,141.35,2.38,0.07,e4eaa1dba03ec7f625bae611145a7f28,OK
train,vitamin_d_deficiency,aug_0_8074.jpg,D:\NUTRITION_DEFICIENCY_DETECTOR\Model_Training\dataset\train\vitamin_d_deficiency\aug_0_8074.jpg,224,224,162.7,66.68,75.59,9.23,1.77,deb561117abecf59d2f6558c40893d03,OK
train,vitamin_d_deficiency,aug_0_8200.jpg,D:\NUTRITION_DEFICIENCY_DETECTOR\Model_Training\dataset\train\vitamin_d_deficiency\aug_0_8200.jpg,224,224,230.44,39.12,54.17,64.25,0.0,e0b61958e0c0af8f828d8f2c878572db,VERY_BRIGHT|OVEREXPOSED
train,vitamin_d_deficiency,aug_0_8210.jpg,D:\NUTRITION_DEFICIENCY_DETECTOR\Model_Training\dataset\train\vitamin_d_deficiency\aug_0_8210.jpg,224,224,131.05,71.74,141.09,13.56,4.29,20838d61695ad413f1a841f198c0088a,OK
train,vitamin_d_deficiency,aug_0_8255.jpg,D:\NUTRITION_DEFICIENCY_DETECTOR\Model_Training\dataset\train\vitamin_d_deficiency\aug_0_8255.jpg,224,224,74.93,65.02,64.69,0.88,3.2,7e83df0d0bda94068476b3800e082e86,OK
train,vitamin_d_deficiency,aug_0_8383.jpg,D:\NUTRITION_DEFICIENCY_DETECTOR\Model_Training\dataset\train\vitamin_d_deficiency\aug_0_8383.jpg,224,224,238.7,38.72,69.28,80.53,0.0,699963d3f023b378e66709399cbd407d,VERY_BRIGHT|OVEREXPOSED
train,vitamin_d_deficiency,aug_0_8393.jpg,D:\NUTRITION_DEFICIENCY_DETECTOR\Model_Training\dataset\train\vitamin_d_deficiency\aug_0_8393.jpg,224,224,125.93,81.53,60.63,8.62,9.61,18dae2f5798923e7ab86da1389028c0a,OK
train,vitamin_d_deficiency,aug_0_8399.jpg,D:\NUTRITION_DEFICIENCY_DETECTOR\Model_Training\dataset\train\vitamin_d_deficiency\aug_0_8399.jpg,224,224,174.47,71.37,109.17,22.17,1.99,e6adc8b1c6b53f8729e7ce4b3d587bd0,OK
train,vitamin_d_deficiency,aug_0_8471.jpg,D:\NUTRITION_DEFICIENCY_DETECTOR\Model_Training\dataset\train\vitamin_d_deficiency\aug_0_8471.jpg,224,224,159.67,75.21,227.76,26.3,1.21,aaa0746614bffe17048d835ef89346b3,OK
train,vitamin_d_deficiency,aug_0_8582.jpg,D:\NUTRITION_DEFICIENCY_DETECTOR\Model_Training\dataset\train\vitamin_d_deficiency\aug_0_8582.jpg,224,224,177.59,41.81,86.73,0.03,0.08,a03b2e3ffa19b1636237d42957c9c6fe,OK
train,vitamin_d_deficiency,aug_0_8608.jpg,D:\NUTRITION_DEFICIENCY_DETECTOR\Model_Training\dataset\train\vitamin_d_deficiency\aug_0_8608.jpg,224,224,178.78,62.97,148.19,17.59,0.02,4aa35c3f102dbc6517a846dca117a97e,OK
train,vitamin_d_deficiency,aug_0_8634.jpg,D:\NUTRITION_DEFICIENCY_DETECTOR\Model_Training\dataset\train\vitamin_d_deficiency\aug_0_8634.jpg,224,224,223.57,50.55,65.72,58.2,0.04,acbe340e6bd0498b67b985609f29345b,VERY_BRIGHT
train,vitamin_d_deficiency,aug_0_8665.jpg,D:\NUTRITION_DEFICIENCY_DETECTOR\Model_Training\dataset\train\vitamin_d_deficiency\aug_0_8665.jpg,224,224,171.52,54.38,279.77,11.8,0.13,805ef47b44cb34df4ce2bdd5150ca563,OK
train,vitamin_d_deficiency,aug_0_8669.jpg,D:\NUTRITION_DEFICIENCY_DETECTOR\Model_Training\dataset\train\vitamin_d_deficiency\aug_0_8669.jpg,224,224,163.65,57.88,161.49,8.75,0.1,b154c6404aed4f5322539e295b373564,OK
train,vitamin_d_deficiency,aug_0_875.jpg,D:\NUTRITION_DEFICIENCY_DETECTOR\Model_Training\dataset\train\vitamin_d_deficiency\aug_0_875.jpg,224,224,206.1,59.7,73.43,42.65,0.01,95b7c89e8277315b01bfa1103a631927,OK
train,vitamin_d_deficiency,aug_0_8750.jpg,D:\NUTRITION_DEFICIENCY_DETECTOR\Model_Training\dataset\train\vitamin_d_deficiency\aug_0_8750.jpg,224,224,215.93,53.09,88.52,52.22,0.14,4d676cb6cfc0ff1499bf2e97dc1ecfa0,OK
train,vitamin_d_deficiency,aug_0_8931.jpg,D:\NUTRITION_DEFICIENCY_DETECTOR\Model_Training\dataset\train\vitamin_d_deficiency\aug_0_8931.jpg,224,224,146.88,78.27,62.85,3.33,11.02,fd0c17717d1418e70a4d801b54fc9446,OK
train,vitamin_d_deficiency,aug_0_8970.jpg,D:\NUTRITION_DEFICIENCY_DETECTOR\Model_Training\dataset\train\vitamin_d_deficiency\aug_0_8970.jpg,224,224,165.93,54.93,263.59,14.32,0.36,800559be246bd88d3be80a33803cef21,OK
train,vitamin_d_deficiency,aug_0_908.jpg,D:\NUTRITION_DEFICIENCY_DETECTOR\Model_Training\dataset\train\vitamin_d_deficiency\aug_0_908.jpg,224,224,163.38,49.4,80.74,9.02,0.0,a9644e3529c5ec57b27ee4c372fbb2a3,OK
train,vitamin_d_deficiency,aug_0_9090.jpg,D:\NUTRITION_DEFICIENCY_DETECTOR\Model_Training\dataset\train\vitamin_d_deficiency\aug_0_9090.jpg,224,224,161.57,52.33,249.43,7.41,0.14,bbf990e6ea2999765039917fb4ea1913,OK
train,vitamin_d_deficiency,aug_0_9258.jpg,D:\NUTRITION_DEFICIENCY_DETECTOR\Model_Training\dataset\train\vitamin_d_deficiency\aug_0_9258.jpg,224,224,223.59,51.41,87.0,60.1,0.03,9a2c370a8dc6ca9df3a98271f155f5ca,VERY_BRIGHT|OVEREXPOSED
train,vitamin_d_deficiency,aug_0_9445.jpg,D:\NUTRITION_DEFICIENCY_DETECTOR\Model_Training\dataset\train\vitamin_d_deficiency\aug_0_9445.jpg,224,224,212.3,56.06,79.45,46.85,0.04,0f4311086da80829cd25bcf6ca1a1a41,OK
train,vitamin_d_deficiency,aug_0_9643.jpg,D:\NUTRITION_DEFICIENCY_DETECTOR\Model_Training\dataset\train\vitamin_d_deficiency\aug_0_9643.jpg,224,224,229.65,39.79,54.63,62.97,0.0,67f0d72624fc29c89e01d724f30b682b,VERY_BRIGHT|OVEREXPOSED
train,vitamin_d_deficiency,aug_0_9679.jpg,D:\NUTRITION_DEFICIENCY_DETECTOR\Model_Training\dataset\train\vitamin_d_deficiency\aug_0_9679.jpg,224,224,209.45,61.71,107.66,51.97,0.06,4d0f47a212c9e6e5a3f93b9604fdfbba,OK
train,vitamin_d_deficiency,aug_0_9824.jpg,D:\NUTRITION_DEFICIENCY_DETECTOR\Model_Training\dataset\train\vitamin_d_deficiency\aug_0_9824.jpg,224,224,228.76,46.03,65.89,63.08,0.0,c7101988fdca9a73aa60cae7b60f4e8b,VERY_BRIGHT|OVEREXPOSED
train,vitamin_d_deficiency,aug_0_9868.jpg,D:\NUTRITION_DEFICIENCY_DETECTOR\Model_Training\dataset\train\vitamin_d_deficiency\aug_0_9868.jpg,224,224,193.93,48.53,91.19,23.58,0.0,0d54bec8a2f8e9673a49134d58dd7042,OK
validate,healthy_nails,000003.jpg,D:\NUTRITION_DEFICIENCY_DETECTOR\Model_Training\dataset\validate\healthy_nails\000003.jpg,224,224,220.09,28.19,87.4,21.89,0.0,94459fbe599c28108aaee4c0272c5802,VERY_BRIGHT
validate,healthy_nails,000009.jpg,D:\NUTRITION_DEFICIENCY_DETECTOR\Model_Training\dataset\validate\healthy_nails\000009.jpg,224,224,169.69,57.9,113.79,5.43,0.0,1d814843e6dd9e133b3436c349d00449,OK
validate,healthy_nails,000019.jpg,D:\NUTRITION_DEFICIENCY_DETECTOR\Model_Training\dataset\validate\healthy_nails\000019.jpg,224,224,179.0,49.58,133.27,7.83,0.0,1186d70ffbf48ad15d2f6a2dbb3e6ce4,OK
validate,healthy_nails,000033.jpg,D:\NUTRITION_DEFICIENCY_DETECTOR\Model_Training\dataset\validate\healthy_nails\000033.jpg,224,224,232.72,29.6,97.44,51.88,0.0,048288ee98d41243a2ba547abd118d76,VERY_BRIGHT
validate,healthy_nails,000046.jpg,D:\NUTRITION_DEFICIENCY_DETECTOR\Model_Training\dataset\validate\healthy_nails\000046.jpg,224,224,179.88,60.75,351.42,17.82,0.04,a545c4aff680ddd78ea7302807bfd94d,OK
validate,healthy_nails,aug_0_185.jpg,D:\NUTRITION_DEFICIENCY_DETECTOR\Model_Training\dataset\validate\healthy_nails\aug_0_185.jpg,224,224,233.42,37.68,85.73,64.34,0.0,4661d6fb06470cc63d4a8dc199258934,VERY_BRIGHT|OVEREXPOSED
validate,healthy_nails,aug_0_2124.jpg,D:\NUTRITION_DEFICIENCY_DETECTOR\Model_Training\dataset\validate\healthy_nails\aug_0_2124.jpg,224,224,200.19,48.17,89.97,21.91,0.0,424417f97c1a5ba9372abd9a9849cc14,OK
validate,healthy_nails,aug_0_2442.jpg,D:\NUTRITION_DEFICIENCY_DETECTOR\Model_Training\dataset\validate\healthy_nails\aug_0_2442.jpg,224,224,147.78,50.54,255.21,3.53,0.0,da5d4d469b06a8f704416e035bfab8f5,OK
validate,healthy_nails,aug_0_3239.jpg,D:\NUTRITION_DEFICIENCY_DETECTOR\Model_Training\dataset\validate\healthy_nails\aug_0_3239.jpg,224,224,184.44,52.5,53.41,15.9,0.0,5ba0cd9b9acfcb6de9c710cf0af46f42,OK
validate,healthy_nails,aug_0_3596.jpg,D:\NUTRITION_DEFICIENCY_DETECTOR\Model_Training\dataset\validate\healthy_nails\aug_0_3596.jpg,224,224,200.5,49.37,104.63,22.4,0.0,59f0ab82721d3c227d3357715a663cdd,OK
validate,healthy_nails,aug_0_361.jpg,D:\NUTRITION_DEFICIENCY_DETECTOR\Model_Training\dataset\validate\healthy_nails\aug_0_361.jpg,224,224,219.66,54.61,73.65,54.1,0.0,960aa9c7f3ae975cc595f8aca8ab8985,OK
validate,healthy_nails,aug_0_4897.jpg,D:\NUTRITION_DEFICIENCY_DETECTOR\Model_Training\dataset\validate\healthy_nails\aug_0_4897.jpg,224,224,206.06,50.07,161.53,32.07,0.0,802d0aabd59b09ecaf891fd7ccc88072,OK
validate,healthy_nails,aug_0_4920.jpg,D:\NUTRITION_DEFICIENCY_DETECTOR\Model_Training\dataset\validate\healthy_nails\aug_0_4920.jpg,224,224,218.2,50.75,96.07,51.02,0.0,98d38bf50a1fea1c0da8b58078a23aa0,OK
validate,healthy_nails,aug_0_4954.jpg,D:\NUTRITION_DEFICIENCY_DETECTOR\Model_Training\dataset\validate\healthy_nails\aug_0_4954.jpg,224,224,204.02,62.94,63.4,40.05,0.0,46dbf654260813ea81eb784d57015bf3,OK
validate,healthy_nails,aug_0_5180.jpg,D:\NUTRITION_DEFICIENCY_DETECTOR\Model_Training\dataset\validate\healthy_nails\aug_0_5180.jpg,224,224,144.04,47.44,367.86,2.62,0.0,cdf5ee49654a9b2b04e5d7214c7242a5,OK
validate,healthy_nails,aug_0_5314.jpg,D:\NUTRITION_DEFICIENCY_DETECTOR\Model_Training\dataset\validate\healthy_nails\aug_0_5314.jpg,224,224,230.04,31.76,75.37,49.14,0.0,e2a7f4c2498b86ec8f00f0bf2cc768d3,VERY_BRIGHT
validate,healthy_nails,aug_0_5663.jpg,D:\NUTRITION_DEFICIENCY_DETECTOR\Model_Training\dataset\validate\healthy_nails\aug_0_5663.jpg,224,224,142.16,70.94,62.97,8.51,0.0,cf895bba1b241011b7940b18e06394df,OK
validate,healthy_nails,aug_0_5991.jpg,D:\NUTRITION_DEFICIENCY_DETECTOR\Model_Training\dataset\validate\healthy_nails\aug_0_5991.jpg,224,224,207.57,49.35,185.37,32.77,0.0,0edda6790e50b5cb2e2ccf204eb2aa98,OK
validate,healthy_nails,aug_0_6680.jpg,D:\NUTRITION_DEFICIENCY_DETECTOR\Model_Training\dataset\validate\healthy_nails\aug_0_6680.jpg,224,224,175.43,56.66,164.01,7.05,0.0,ec7473b97af46076da604fd68a5487bf,OK
validate,healthy_nails,aug_0_8306.jpg,D:\NUTRITION_DEFICIENCY_DETECTOR\Model_Training\dataset\validate\healthy_nails\aug_0_8306.jpg,224,224,185.38,65.34,401.33,24.35,0.92,58488a5746eb6aa11cf224ce8111c20e,OK
validate,healthy_nails,aug_0_8827.jpg,D:\NUTRITION_DEFICIENCY_DETECTOR\Model_Training\dataset\validate\healthy_nails\aug_0_8827.jpg,224,224,228.24,39.82,68.68,59.93,0.0,d47e932c2598e11668c854a431272eeb,VERY_BRIGHT
validate,healthy_nails,aug_0_89.jpg,D:\NUTRITION_DEFICIENCY_DETECTOR\Model_Training\dataset\validate\healthy_nails\aug_0_89.jpg,224,224,184.92,57.23,78.67,20.8,0.59,a9204a5d08eceafbba408718f26a9ece,OK
validate,healthy_nails,aug_0_9188.jpg,D:\NUTRITION_DEFICIENCY_DETECTOR\Model_Training\dataset\validate\healthy_nails\aug_0_9188.jpg,224,224,241.88,35.01,161.71,83.59,0.0,8f97e491253bbbd1b760e43bb626632a,VERY_BRIGHT|OVEREXPOSED
validate,healthy_nails,aug_0_9466.jpg,D:\NUTRITION_DEFICIENCY_DETECTOR\Model_Training\dataset\validate\healthy_nails\aug_0_9466.jpg,224,224,159.3,51.13,397.44,7.27,0.0,49dd2d6214aff1a813474124d2ef23b5,OK
validate,healthy_nails,aug_0_9746.jpg,D:\NUTRITION_DEFICIENCY_DETECTOR\Model_Training\dataset\validate\healthy_nails\aug_0_9746.jpg,224,224,228.35,39.46,50.35,59.76,0.0,7d19f77cffd09f11774f202858fb3892,VERY_BRIGHT
validate,iron_deficiency,000003.jpg,D:\NUTRITION_DEFICIENCY_DETECTOR\Model_Training\dataset\validate\iron_deficiency\000003.jpg,224,224,232.95,36.22,57.38,66.7,0.0,00fd0b0e959aa45afdb0088de2ca3384,VERY_BRIGHT|OVEREXPOSED
validate,iron_deficiency,000011.jpg,D:\NUTRITION_DEFICIENCY_DETECTOR\Model_Training\dataset\validate\iron_deficiency\000011.jpg,224,224,166.98,75.2,128.66,20.56,0.09,d851366ea5e505209542244cf0865b62,OK
validate,iron_deficiency,000013.jpg,D:\NUTRITION_DEFICIENCY_DETECTOR\Model_Training\dataset\validate\iron_deficiency\000013.jpg,224,224,181.26,76.24,183.35,40.42,0.0,5d8e3266c52e0149ef5bcde8bde3668e,OK
validate,iron_deficiency,aug_0_1213.jpg,D:\NUTRITION_DEFICIENCY_DETECTOR\Model_Training\dataset\validate\iron_deficiency\aug_0_1213.jpg,224,224,190.31,71.63,148.31,35.88,0.08,feafd61c85c598ef5b52438dd4846d9b,OK
validate,iron_deficiency,aug_0_1263.jpg,D:\NUTRITION_DEFICIENCY_DETECTOR\Model_Training\dataset\validate\iron_deficiency\aug_0_1263.jpg,224,224,186.55,58.8,179.09,19.9,0.0,56456e603263e885317b804d6c134ae0,OK
validate,iron_deficiency,aug_0_1355.jpg,D:\NUTRITION_DEFICIENCY_DETECTOR\Model_Training\dataset\validate\iron_deficiency\aug_0_1355.jpg,224,224,237.2,35.35,50.51,74.85,0.0,c10aa25ae3c871fec0de2617861e3864,VERY_BRIGHT|OVEREXPOSED
validate,iron_deficiency,aug_0_2089.jpg,D:\NUTRITION_DEFICIENCY_DETECTOR\Model_Training\dataset\validate\iron_deficiency\aug_0_2089.jpg,224,224,174.22,86.78,155.72,40.79,5.39,a5b9d028556b6bab1251f95b510c3a52,OK
validate,iron_deficiency,aug_0_2766.jpg,D:\NUTRITION_DEFICIENCY_DETECTOR\Model_Training\dataset\validate\iron_deficiency\aug_0_2766.jpg,224,224,202.72,68.09,196.16,47.55,0.03,e1eca8daf04fac7be0f4428c6ee83444,OK
validate,iron_deficiency,aug_0_2892.jpg,D:\NUTRITION_DEFICIENCY_DETECTOR\Model_Training\dataset\validate\iron_deficiency\aug_0_2892.jpg,224,224,99.91,61.77,90.22,0.5,1.12,ec940fc0b3292db220b5efbf085ab57a,OK
validate,iron_deficiency,aug_0_4029.jpg,D:\NUTRITION_DEFICIENCY_DETECTOR\Model_Training\dataset\validate\iron_deficiency\aug_0_4029.jpg,224,224,119.96,85.76,45.8,2.24,29.29,159721eb28d5189a8ab3131b7a2b58ba,BLURRY
validate,iron_deficiency,aug_0_4764.jpg,D:\NUTRITION_DEFICIENCY_DETECTOR\Model_Training\dataset\validate\iron_deficiency\aug_0_4764.jpg,224,224,181.73,55.45,93.3,13.23,0.0,a11614c953afd58875e38d887bd48ced,OK
validate,iron_deficiency,aug_0_5100.jpg,D:\NUTRITION_DEFICIENCY_DETECTOR\Model_Training\dataset\validate\iron_deficiency\aug_0_5100.jpg,224,224,160.82,99.8,852.86,38.75,20.97,0b227101b3cf638ee3af484aecfb2907,OK
validate,iron_deficiency,aug_0_5117.jpg,D:\NUTRITION_DEFICIENCY_DETECTOR\Model_Training\dataset\validate\iron_deficiency\aug_0_5117.jpg,224,224,168.41,71.82,289.32,13.2,0.38,3c0b629fdfaad1f5a2a7357eed5e8e0d,OK
validate,iron_deficiency,aug_0_5619.jpg,D:\NUTRITION_DEFICIENCY_DETECTOR\Model_Training\dataset\validate\iron_deficiency\aug_0_5619.jpg,224,224,149.73,88.68,153.53,18.19,12.25,5393cacd41225af9516d057081db9240,OK
validate,iron_deficiency,aug_0_5734.jpg,D:\NUTRITION_DEFICIENCY_DETECTOR\Model_Training\dataset\validate\iron_deficiency\aug_0_5734.jpg,224,224,123.44,91.0,36.64,4.98,29.75,68582a39c2253b7ba23f5b2bdfdc221b,BLURRY
validate,iron_deficiency,aug_0_6191.jpg,D:\NUTRITION_DEFICIENCY_DETECTOR\Model_Training\dataset\validate\iron_deficiency\aug_0_6191.jpg,224,224,107.69,61.48,95.16,0.65,1.41,c4af78b3b84a33edc656aacfcc137c80,OK
validate,iron_deficiency,aug_0_669.jpg,D:\NUTRITION_DEFICIENCY_DETECTOR\Model_Training\dataset\validate\iron_deficiency\aug_0_669.jpg,224,224,195.87,61.57,109.74,29.01,0.06,0dc58d37cf2b0a44af47ca74ad468702,OK
validate,iron_deficiency,aug_0_6868.jpg,D:\NUTRITION_DEFICIENCY_DETECTOR\Model_Training\dataset\validate\iron_deficiency\aug_0_6868.jpg,224,224,174.53,60.42,122.15,8.3,0.34,10cb7e748d311df660301d446a536b9e,OK
validate,iron_deficiency,aug_0_7162.jpg,D:\NUTRITION_DEFICIENCY_DETECTOR\Model_Training\dataset\validate\iron_deficiency\aug_0_7162.jpg,224,224,163.56,71.63,106.62,16.76,0.2,51a3b00b0d4a4c22dd10ab1a1a048ead,OK
validate,iron_deficiency,aug_0_8889.jpg,D:\NUTRITION_DEFICIENCY_DETECTOR\Model_Training\dataset\validate\iron_deficiency\aug_0_8889.jpg,224,224,152.87,65.15,445.56,7.25,0.0,375b340edfa2b34b7ea47735bcae9239,OK
validate,iron_deficiency,aug_0_9732.jpg,D:\NUTRITION_DEFICIENCY_DETECTOR\Model_Training\dataset\validate\iron_deficiency\aug_0_9732.jpg,224,224,152.9,52.21,295.73,4.0,0.87,f372e2a645f2fa71267536f3a4e72e31,OK
validate,iron_deficiency,aug_0_9829.jpg,D:\NUTRITION_DEFICIENCY_DETECTOR\Model_Training\dataset\validate\iron_deficiency\aug_0_9829.jpg,224,224,195.92,48.22,52.39,21.31,0.0,273ea20458d5e135ba8dd85a560815d1,OK
validate,iron_deficiency,aug_0_9901.jpg,D:\NUTRITION_DEFICIENCY_DETECTOR\Model_Training\dataset\validate\iron_deficiency\aug_0_9901.jpg,224,224,135.24,49.28,480.68,1.23,1.24,8594d09af2eb0be8391d6ec82f2734a0,OK
validate,iron_deficiency,aug_0_9922.jpg,D:\NUTRITION_DEFICIENCY_DETECTOR\Model_Training\dataset\validate\iron_deficiency\aug_0_9922.jpg,224,224,157.25,68.93,71.28,10.34,2.81,4610acb40f572d76999725928239d605,OK
validate,vitamin_b12_deficiency,000015.jpg,D:\NUTRITION_DEFICIENCY_DETECTOR\Model_Training\dataset\validate\vitamin_b12_deficiency\000015.jpg,224,224,216.49,38.9,98.62,29.22,0.0,18d67a22615d0d1c10d475209726bea8,OK
validate,vitamin_b12_deficiency,000018.jpg,D:\NUTRITION_DEFICIENCY_DETECTOR\Model_Training\dataset\validate\vitamin_b12_deficiency\000018.jpg,224,224,177.05,63.45,121.04,25.68,0.0,2d7bead590ae52cf1f0033714b6253b7,OK
validate,vitamin_b12_deficiency,000032.jpg,D:\NUTRITION_DEFICIENCY_DETECTOR\Model_Training\dataset\validate\vitamin_b12_deficiency\000032.jpg,224,224,157.42,53.21,640.56,8.2,0.0,fdb3beda1bfbea4645c22306b48a4793,OK
validate,vitamin_b12_deficiency,000038.jpg,D:\NUTRITION_DEFICIENCY_DETECTOR\Model_Training\dataset\validate\vitamin_b12_deficiency\000038.jpg,224,224,210.63,51.89,106.77,20.25,0.09,a210cb1c368f207542cc2ff8f7e88d19,OK
validate,vitamin_b12_deficiency,000039.jpg,D:\NUTRITION_DEFICIENCY_DETECTOR\Model_Training\dataset\validate\vitamin_b12_deficiency\000039.jpg,224,224,228.6,39.5,39.48,55.49,0.0,304bdeca14c9560bfcac0ba4ab518335,BLURRY|VERY_BRIGHT
validate,vitamin_b12_deficiency,000042.jpg,D:\NUTRITION_DEFICIENCY_DETECTOR\Model_Training\dataset\validate\vitamin_b12_deficiency\000042.jpg,224,224,178.53,56.25,88.15,9.27,0.0,2ad1415a253e946623214aad592b4dbc,OK
validate,vitamin_b12_deficiency,aug_0_1216.jpg,D:\NUTRITION_DEFICIENCY_DETECTOR\Model_Training\dataset\validate\vitamin_b12_deficiency\aug_0_1216.jpg,224,224,152.85,53.61,392.46,6.91,0.19,03a245f5262980840a6ce92d41e09a33,OK
validate,vitamin_b12_deficiency,aug_0_1428.jpg,D:\NUTRITION_DEFICIENCY_DETECTOR\Model_Training\dataset\validate\vitamin_b12_deficiency\aug_0_1428.jpg,224,224,161.66,72.29,159.76,17.59,0.45,4107cefbbfb1814fb99864f12f8e50f1,OK
validate,vitamin_b12_deficiency,aug_0_2278.jpg,D:\NUTRITION_DEFICIENCY_DETECTOR\Model_Training\dataset\validate\vitamin_b12_deficiency\aug_0_2278.jpg,224,224,217.58,54.09,82.2,50.85,0.03,488ec57ecefc3be593446cfeb16bf04d,OK
validate,vitamin_b12_deficiency,aug_0_2300.jpg,D:\NUTRITION_DEFICIENCY_DETECTOR\Model_Training\dataset\validate\vitamin_b12_deficiency\aug_0_2300.jpg,224,224,186.98,66.2,140.53,36.65,0.0,5fd139e278da6d93b21440584aeee280,OK
validate,vitamin_b12_deficiency,aug_0_2884.jpg,D:\NUTRITION_DEFICIENCY_DETECTOR\Model_Training\dataset\validate\vitamin_b12_deficiency\aug_0_2884.jpg,224,224,151.28,73.02,103.61,9.8,2.0,e8cb6bbe326f6eb4a984d22940938b89,OK
validate,vitamin_b12_deficiency,aug_0_2941.jpg,D:\NUTRITION_DEFICIENCY_DETECTOR\Model_Training\dataset\validate\vitamin_b12_deficiency\aug_0_2941.jpg,224,224,158.1,76.81,243.31,26.92,1.62,0adf5cdcd077e88f84161e162d1fb88d,OK
validate,vitamin_b12_deficiency,aug_0_3015.jpg,D:\NUTRITION_DEFICIENCY_DETECTOR\Model_Training\dataset\validate\vitamin_b12_deficiency\aug_0_3015.jpg,224,224,159.31,64.73,279.62,17.5,0.01,c27650119559152969ea28d145d18c68,OK
validate,vitamin_b12_deficiency,aug_0_3750.jpg,D:\NUTRITION_DEFICIENCY_DETECTOR\Model_Training\dataset\validate\vitamin_b12_deficiency\aug_0_3750.jpg,224,224,192.32,57.96,99.58,22.93,0.29,eceb64a24f3babf083355109be63f77d,OK
validate,vitamin_b12_deficiency,aug_0_4596.jpg,D:\NUTRITION_DEFICIENCY_DETECTOR\Model_Training\dataset\validate\vitamin_b12_deficiency\aug_0_4596.jpg,224,224,156.45,63.77,237.78,15.44,0.01,8ed755668f418fc83a109408f20217ed,OK
validate,vitamin_b12_deficiency,aug_0_5759.jpg,D:\NUTRITION_DEFICIENCY_DETECTOR\Model_Training\dataset\validate\vitamin_b12_deficiency\aug_0_5759.jpg,224,224,184.02,56.58,63.7,24.01,0.0,a713fad2fd63cd59edda95da7c5e0a24,OK
validate,vitamin_b12_deficiency,aug_0_5879.jpg,D:\NUTRITION_DEFICIENCY_DETECTOR\Model_Training\dataset\validate\vitamin_b12_deficiency\aug_0_5879.jpg,224,224,174.65,57.22,78.94,5.55,0.0,d6d66764db55dbcc98d00580d8b9adc6,OK
validate,vitamin_b12_deficiency,aug_0_6659.jpg,D:\NUTRITION_DEFICIENCY_DETECTOR\Model_Training\dataset\validate\vitamin_b12_deficiency\aug_0_6659.jpg,224,224,238.91,41.33,38.94,81.59,0.02,da6b13872f80212a2c885dd077199855,BLURRY|VERY_BRIGHT|OVEREXPOSED
validate,vitamin_b12_deficiency,aug_0_71.jpg,D:\NUTRITION_DEFICIENCY_DETECTOR\Model_Training\dataset\validate\vitamin_b12_deficiency\aug_0_71.jpg,224,224,223.25,55.62,106.04,66.65,0.48,509752d7b3ca5ec6d8f40af53b03531a,VERY_BRIGHT|OVEREXPOSED
validate,vitamin_b12_deficiency,aug_0_7401.jpg,D:\NUTRITION_DEFICIENCY_DETECTOR\Model_Training\dataset\validate\vitamin_b12_deficiency\aug_0_7401.jpg,224,224,174.31,63.37,139.19,13.65,0.33,0f86815063f968a7e4184d0479b60a2d,OK
validate,vitamin_b12_deficiency,aug_0_7455.jpg,D:\NUTRITION_DEFICIENCY_DETECTOR\Model_Training\dataset\validate\vitamin_b12_deficiency\aug_0_7455.jpg,224,224,147.0,55.46,503.02,6.77,0.18,2cead973f1eea4ef14ffe5cb6d839788,OK
validate,vitamin_b12_deficiency,aug_0_8282.jpg,D:\NUTRITION_DEFICIENCY_DETECTOR\Model_Training\dataset\validate\vitamin_b12_deficiency\aug_0_8282.jpg,224,224,238.13,34.65,68.73,75.53,0.0,6cf2ae7e0908cf1cfe75ba3cd87f4036,VERY_BRIGHT|OVEREXPOSED
validate,vitamin_b12_deficiency,aug_0_8287.jpg,D:\NUTRITION_DEFICIENCY_DETECTOR\Model_Training\dataset\validate\vitamin_b12_deficiency\aug_0_8287.jpg,224,224,164.7,57.9,30.79,15.84,0.0,335909da9dbb76558b420ebe48c0a889,BLURRY
validate,vitamin_b12_deficiency,aug_0_8811.jpg,D:\NUTRITION_DEFICIENCY_DETECTOR\Model_Training\dataset\validate\vitamin_b12_deficiency\aug_0_8811.jpg,224,224,136.88,51.65,351.37,1.41,1.52,e5e98d41b26d69758beb9489a8edcf40,OK
validate,vitamin_b12_deficiency,aug_0_9128.jpg,D:\NUTRITION_DEFICIENCY_DETECTOR\Model_Training\dataset\validate\vitamin_b12_deficiency\aug_0_9128.jpg,224,224,194.39,59.81,107.23,26.39,0.37,72c1f0450b0d1a0e2805289a2eff834f,OK
validate,vitamin_b12_deficiency,aug_0_9139.jpg,D:\NUTRITION_DEFICIENCY_DETECTOR\Model_Training\dataset\validate\vitamin_b12_deficiency\aug_0_9139.jpg,224,224,168.7,56.22,68.41,13.49,0.0,b338a122cb1edd9b3a9ad937fe905791,OK
validate,vitamin_b12_deficiency,aug_0_9307.jpg,D:\NUTRITION_DEFICIENCY_DETECTOR\Model_Training\dataset\validate\vitamin_b12_deficiency\aug_0_9307.jpg,224,224,168.3,57.08,56.05,12.51,0.0,4b579dda71fcd5e8276606f6b14f4d4f,OK
validate,vitamin_b12_deficiency,aug_0_9345.jpg,D:\NUTRITION_DEFICIENCY_DETECTOR\Model_Training\dataset\validate\vitamin_b12_deficiency\aug_0_9345.jpg,224,224,210.18,45.32,73.59,29.72,0.0,3825987350ba9320816c99792f31b05c,OK
validate,vitamin_b12_deficiency,aug_0_9650.jpg,D:\NUTRITION_DEFICIENCY_DETECTOR\Model_Training\dataset\validate\vitamin_b12_deficiency\aug_0_9650.jpg,224,224,131.69,74.2,96.66,9.38,1.17,d65ad03be9ab9229649562e3352860d4,OK
validate,vitamin_d_deficiency,000002.jpg,D:\NUTRITION_DEFICIENCY_DETECTOR\Model_Training\dataset\validate\vitamin_d_deficiency\000002.jpg,224,224,229.51,37.91,63.48,60.65,0.0,6372a84ebc46f150e4485bb28a243c9f,VERY_BRIGHT|OVEREXPOSED
validate,vitamin_d_deficiency,000016.jpg,D:\NUTRITION_DEFICIENCY_DETECTOR\Model_Training\dataset\validate\vitamin_d_deficiency\000016.jpg,224,224,162.82,71.44,260.06,26.54,0.36,7a17dfd816e4fed86f668513ad77f80f,OK
validate,vitamin_d_deficiency,000027.jpg,D:\NUTRITION_DEFICIENCY_DETECTOR\Model_Training\dataset\validate\vitamin_d_deficiency\000027.jpg,224,224,175.68,58.05,893.38,13.44,0.03,36623f05f2e589adec3643b631e182db,OK
validate,vitamin_d_deficiency,000040.jpg,D:\NUTRITION_DEFICIENCY_DETECTOR\Model_Training\dataset\validate\vitamin_d_deficiency\000040.jpg,224,224,124.47,62.32,125.63,6.35,0.0,0963004ef82c6c33daeefc43669398ad,OK
validate,vitamin_d_deficiency,000045.jpg,D:\NUTRITION_DEFICIENCY_DETECTOR\Model_Training\dataset\validate\vitamin_d_deficiency\000045.jpg,224,224,171.15,60.99,49.09,2.75,0.0,2658f1a89ecf8d72d803950d6e6b147e,BLURRY
validate,vitamin_d_deficiency,aug_0_100.jpg,D:\NUTRITION_DEFICIENCY_DETECTOR\Model_Training\dataset\validate\vitamin_d_deficiency\aug_0_100.jpg,224,224,199.28,64.0,49.03,42.24,0.0,a1888481707d083dfd429909dc1ad3cb,BLURRY
validate,vitamin_d_deficiency,aug_0_1714.jpg,D:\NUTRITION_DEFICIENCY_DETECTOR\Model_Training\dataset\validate\vitamin_d_deficiency\aug_0_1714.jpg,224,224,149.12,66.66,128.38,17.29,0.29,abf4c769df0f66f089546f0f4aa62f09,OK
validate,vitamin_d_deficiency,aug_0_1867.jpg,D:\NUTRITION_DEFICIENCY_DETECTOR\Model_Training\dataset\validate\vitamin_d_deficiency\aug_0_1867.jpg,224,224,179.95,46.51,107.1,4.89,0.0,1d31892cb543f6730573e362d2797ba1,OK
validate,vitamin_d_deficiency,aug_0_2332.jpg,D:\NUTRITION_DEFICIENCY_DETECTOR\Model_Training\dataset\validate\vitamin_d_deficiency\aug_0_2332.jpg,224,224,113.52,67.11,117.88,6.33,6.59,2ee2406150afcaf9d749fd60e3fb7b25,OK
validate,vitamin_d_deficiency,aug_0_2762.jpg,D:\NUTRITION_DEFICIENCY_DETECTOR\Model_Training\dataset\validate\vitamin_d_deficiency\aug_0_2762.jpg,224,224,144.21,80.69,237.34,15.9,6.47,22a43755f352337937198769b862053c,OK
validate,vitamin_d_deficiency,aug_0_408.jpg,D:\NUTRITION_DEFICIENCY_DETECTOR\Model_Training\dataset\validate\vitamin_d_deficiency\aug_0_408.jpg,224,224,219.69,52.11,68.31,53.14,0.0,b60fa0a2b5b1cd523bd1dd570ecd71cb,OK
validate,vitamin_d_deficiency,aug_0_4545.jpg,D:\NUTRITION_DEFICIENCY_DETECTOR\Model_Training\dataset\validate\vitamin_d_deficiency\aug_0_4545.jpg,224,224,218.51,55.1,77.27,56.59,0.01,7fb3e434e4fb7defc9c7c72bc74a0fcb,OK
validate,vitamin_d_deficiency,aug_0_4759.jpg,D:\NUTRITION_DEFICIENCY_DETECTOR\Model_Training\dataset\validate\vitamin_d_deficiency\aug_0_4759.jpg,224,224,127.91,83.7,70.57,2.85,16.75,7888814158aaf6fd5021f9c6fc558478,OK
validate,vitamin_d_deficiency,aug_0_4888.jpg,D:\NUTRITION_DEFICIENCY_DETECTOR\Model_Training\dataset\validate\vitamin_d_deficiency\aug_0_4888.jpg,224,224,147.89,73.32,157.55,19.54,2.09,3210c2843f5ea8a4838cdf621c83fa6a,OK
validate,vitamin_d_deficiency,aug_0_5053.jpg,D:\NUTRITION_DEFICIENCY_DETECTOR\Model_Training\dataset\validate\vitamin_d_deficiency\aug_0_5053.jpg,224,224,169.41,46.06,108.97,1.32,0.01,91824d3bd6784f682e1531326949b0a7,OK
validate,vitamin_d_deficiency,aug_0_5608.jpg,D:\NUTRITION_DEFICIENCY_DETECTOR\Model_Training\dataset\validate\vitamin_d_deficiency\aug_0_5608.jpg,224,224,172.98,62.58,184.32,22.97,0.0,8dd5d7cad822b0ed1413f92edc047089,OK
validate,vitamin_d_deficiency,aug_0_5665.jpg,D:\NUTRITION_DEFICIENCY_DETECTOR\Model_Training\dataset\validate\vitamin_d_deficiency\aug_0_5665.jpg,224,224,162.21,47.5,138.24,3.28,0.0,6670b6cc3d29e25d93152e1730e746e4,OK
validate,vitamin_d_deficiency,aug_0_5928.jpg,D:\NUTRITION_DEFICIENCY_DETECTOR\Model_Training\dataset\validate\vitamin_d_deficiency\aug_0_5928.jpg,224,224,169.1,49.59,99.46,0.03,0.21,06a382b3c6791195e321f59bf2fd1476,OK
validate,vitamin_d_deficiency,aug_0_6329.jpg,D:\NUTRITION_DEFICIENCY_DETECTOR\Model_Training\dataset\validate\vitamin_d_deficiency\aug_0_6329.jpg,224,224,217.18,52.1,102.7,44.24,0.0,88d07db3ee49c3c19fa0ca59f41aa5b8,OK
validate,vitamin_d_deficiency,aug_0_6460.jpg,D:\NUTRITION_DEFICIENCY_DETECTOR\Model_Training\dataset\validate\vitamin_d_deficiency\aug_0_6460.jpg,224,224,159.49,78.9,217.89,22.44,3.55,e7ff77814dbed6d4c6806a5b45eed522,OK
validate,vitamin_d_deficiency,aug_0_672.jpg,D:\NUTRITION_DEFICIENCY_DETECTOR\Model_Training\dataset\validate\vitamin_d_deficiency\aug_0_672.jpg,224,224,148.4,71.04,62.96,18.64,0.02,985c0e22f970e7452fd1b996baa5efcc,OK
validate,vitamin_d_deficiency,aug_0_6734.jpg,D:\NUTRITION_DEFICIENCY_DETECTOR\Model_Training\dataset\validate\vitamin_d_deficiency\aug_0_6734.jpg,224,224,115.01,56.24,12.8,4.04,0.0,a8b4a32239a7d23dbb8cea8acc02b746,BLURRY
validate,vitamin_d_deficiency,aug_0_6973.jpg,D:\NUTRITION_DEFICIENCY_DETECTOR\Model_Training\dataset\validate\vitamin_d_deficiency\aug_0_6973.jpg,224,224,239.33,38.15,67.43,81.34,0.0,87fc67bd3dd7655575d5aabf5fe1246f,VERY_BRIGHT|OVEREXPOSED
validate,vitamin_d_deficiency,aug_0_7127.jpg,D:\NUTRITION_DEFICIENCY_DETECTOR\Model_Training\dataset\validate\vitamin_d_deficiency\aug_0_7127.jpg,224,224,232.51,34.78,47.03,61.47,0.0,bffee4b4178b2699b89fbce2e524b95a,BLURRY|VERY_BRIGHT|OVEREXPOSED
validate,vitamin_d_deficiency,aug_0_722.jpg,D:\NUTRITION_DEFICIENCY_DETECTOR\Model_Training\dataset\validate\vitamin_d_deficiency\aug_0_722.jpg,224,224,163.87,57.53,175.57,9.1,0.1,592b9f8428ce9ff63f68df4558c33689,OK
validate,vitamin_d_deficiency,aug_0_7506.jpg,D:\NUTRITION_DEFICIENCY_DETECTOR\Model_Training\dataset\validate\vitamin_d_deficiency\aug_0_7506.jpg,224,224,180.39,61.71,225.04,22.46,0.05,070c4818cbc12edc38eb57999eeb0927,OK
validate,vitamin_d_deficiency,aug_0_832.jpg,D:\NUTRITION_DEFICIENCY_DETECTOR\Model_Training\dataset\validate\vitamin_d_deficiency\aug_0_832.jpg,224,224,192.98,46.07,131.81,2.81,0.02,095f3754d31e7f2f45340ac8efd0ad4c,OK
validate,vitamin_d_deficiency,aug_0_8403.jpg,D:\NUTRITION_DEFICIENCY_DETECTOR\Model_Training\dataset\validate\vitamin_d_deficiency\aug_0_8403.jpg,224,224,216.38,55.39,68.93,52.58,0.0,f6ac0afb0f88427818dd4c78a5fd2b6e,OK
validate,vitamin_d_deficiency,aug_0_8915.jpg,D:\NUTRITION_DEFICIENCY_DETECTOR\Model_Training\dataset\validate\vitamin_d_deficiency\aug_0_8915.jpg,224,224,226.89,49.37,79.87,63.5,0.0,fc7b65c4ea763c92ae2d3bc07e7f5e0b,VERY_BRIGHT|OVEREXPOSED
validate,vitamin_d_deficiency,aug_0_9050.jpg,D:\NUTRITION_DEFICIENCY_DETECTOR\Model_Training\dataset\validate\vitamin_d_deficiency\aug_0_9050.jpg,224,224,199.84,61.84,128.93,39.47,0.06,5af60a8a4667c61c9f11e80c084cc530,OK
test,healthy_nails,000012.jpg,D:\NUTRITION_DEFICIENCY_DETECTOR\Model_Training\dataset\test\healthy_nails\000012.jpg,224,224,197.42,52.93,179.33,17.05,0.0,4bb4e16d8298e90512952a7554043d8d,OK
test,healthy_nails,000013.jpg,D:\NUTRITION_DEFICIENCY_DETECTOR\Model_Training\dataset\test\healthy_nails\000013.jpg,224,224,184.96,53.78,88.5,8.8,0.0,709278fb05b8c1981eb3bea6b44c16a2,OK
test,healthy_nails,000015.jpg,D:\NUTRITION_DEFICIENCY_DETECTOR\Model_Training\dataset\test\healthy_nails\000015.jpg,224,224,201.99,50.23,101.35,12.78,0.0,406e987cab761ae9f7eb08ee360e6c39,OK
test,healthy_nails,000044.jpg,D:\NUTRITION_DEFICIENCY_DETECTOR\Model_Training\dataset\test\healthy_nails\000044.jpg,224,224,173.18,65.98,211.83,19.12,0.06,e890e6ec83c4b5c5ec95398cb8d7b85b,OK
test,healthy_nails,000045.jpg,D:\NUTRITION_DEFICIENCY_DETECTOR\Model_Training\dataset\test\healthy_nails\000045.jpg,224,224,235.23,35.26,106.45,65.96,0.0,85a0113ff2be21cfb7d62d469ddacfc3,VERY_BRIGHT|OVEREXPOSED
test,healthy_nails,000050.jpg,D:\NUTRITION_DEFICIENCY_DETECTOR\Model_Training\dataset\test\healthy_nails\000050.jpg,224,224,210.84,50.22,107.26,39.69,0.0,3ed70ef8fc27f84660c487264ddf05cb,OK
test,healthy_nails,aug_0_1060.jpg,D:\NUTRITION_DEFICIENCY_DETECTOR\Model_Training\dataset\test\healthy_nails\aug_0_1060.jpg,224,224,179.18,54.99,68.53,7.3,0.01,def93ba303d577977589054060eeb1bb,OK
test,healthy_nails,aug_0_1559.jpg,D:\NUTRITION_DEFICIENCY_DETECTOR\Model_Training\dataset\test\healthy_nails\aug_0_1559.jpg,224,224,166.71,53.1,359.99,10.28,0.0,c5fe092e94b8d44b822e3e688e068f89,OK
test,healthy_nails,aug_0_2596.jpg,D:\NUTRITION_DEFICIENCY_DETECTOR\Model_Training\dataset\test\healthy_nails\aug_0_2596.jpg,224,224,223.69,39.63,50.3,52.03,0.0,6a58a45c82b7ee048db6917fc4f0b78d,VERY_BRIGHT
test,healthy_nails,aug_0_2906.jpg,D:\NUTRITION_DEFICIENCY_DETECTOR\Model_Training\dataset\test\healthy_nails\aug_0_2906.jpg,224,224,183.58,63.99,216.41,29.28,0.0,b484c6b26f60f7fbb2ada1f7b2b35c12,OK
test,healthy_nails,aug_0_3165.jpg,D:\NUTRITION_DEFICIENCY_DETECTOR\Model_Training\dataset\test\healthy_nails\aug_0_3165.jpg,224,224,190.77,62.27,121.79,30.88,0.0,f2fcb0262bb1cc73c6e75593cdfb3997,OK
test,healthy_nails,aug_0_3170.jpg,D:\NUTRITION_DEFICIENCY_DETECTOR\Model_Training\dataset\test\healthy_nails\aug_0_3170.jpg,224,224,184.36,55.36,48.94,18.41,0.0,ac72706750e5b6553db9d39470651cb1,BLURRY
test,healthy_nails,aug_0_329.jpg,D:\NUTRITION_DEFICIENCY_DETECTOR\Model_Training\dataset\test\healthy_nails\aug_0_329.jpg,224,224,152.33,72.53,130.99,13.16,0.83,b571e7411d786555963beeff88011165,OK
test,healthy_nails,aug_0_3409.jpg,D:\NUTRITION_DEFICIENCY_DETECTOR\Model_Training\dataset\test\healthy_nails\aug_0_3409.jpg,224,224,210.09,50.47,120.47,41.79,0.0,d819e82f06f7e4b13a5c70146658afda,OK
test,healthy_nails,aug_0_3640.jpg,D:\NUTRITION_DEFICIENCY_DETECTOR\Model_Training\dataset\test\healthy_nails\aug_0_3640.jpg,224,224,210.01,61.56,62.76,47.94,0.0,ff9d97303e2f54469149755eb7207bce,OK
test,healthy_nails,aug_0_388.jpg,D:\NUTRITION_DEFICIENCY_DETECTOR\Model_Training\dataset\test\healthy_nails\aug_0_388.jpg,224,224,166.53,64.99,192.48,15.24,0.1,71ffc215d2c52a7326385af2ce609328,OK
test,healthy_nails,aug_0_6215.jpg,D:\NUTRITION_DEFICIENCY_DETECTOR\Model_Training\dataset\test\healthy_nails\aug_0_6215.jpg,224,224,221.72,47.35,90.36,54.71,0.0,befce457c2cf80de9c4e2e5c5bc8bd08,VERY_BRIGHT
test,healthy_nails,aug_0_6221.jpg,D:\NUTRITION_DEFICIENCY_DETECTOR\Model_Training\dataset\test\healthy_nails\aug_0_6221.jpg,224,224,236.51,38.69,138.02,79.2,0.0,d75e3197bbb30871f0e6ecd348dd4f06,VERY_BRIGHT|OVEREXPOSED
test,healthy_nails,aug_0_6474.jpg,D:\NUTRITION_DEFICIENCY_DETECTOR\Model_Training\dataset\test\healthy_nails\aug_0_6474.jpg,224,224,166.05,66.41,120.47,9.58,0.01,542906b6ddb5ffb9ce40ae64341e26a9,OK
test,healthy_nails,aug_0_7507.jpg,D:\NUTRITION_DEFICIENCY_DETECTOR\Model_Training\dataset\test\healthy_nails\aug_0_7507.jpg,224,224,146.73,71.52,62.25,8.96,0.0,2c59c90504478c6eef489e88a3aa10dd,OK
test,healthy_nails,aug_0_8158.jpg,D:\NUTRITION_DEFICIENCY_DETECTOR\Model_Training\dataset\test\healthy_nails\aug_0_8158.jpg,224,224,234.43,37.91,111.7,67.64,0.0,745b483d6819fd382a5ffebe93dae14a,VERY_BRIGHT|OVEREXPOSED
test,healthy_nails,aug_0_8377.jpg,D:\NUTRITION_DEFICIENCY_DETECTOR\Model_Training\dataset\test\healthy_nails\aug_0_8377.jpg,224,224,207.94,52.46,101.3,40.92,0.0,634b1ef79786bc4ce64fc7ffe5e81df4,OK
test,healthy_nails,aug_0_8826.jpg,D:\NUTRITION_DEFICIENCY_DETECTOR\Model_Training\dataset\test\healthy_nails\aug_0_8826.jpg,224,224,178.74,64.82,108.98,19.59,0.0,4d144efaed768ced033a21482e37380c,OK
test,healthy_nails,aug_0_9400.jpg,D:\NUTRITION_DEFICIENCY_DETECTOR\Model_Training\dataset\test\healthy_nails\aug_0_9400.jpg,224,224,204.21,52.77,82.26,33.92,0.0,218b17618a10bca6452583a6c7a01b4d,OK
test,healthy_nails,aug_0_9562.jpg,D:\NUTRITION_DEFICIENCY_DETECTOR\Model_Training\dataset\test\healthy_nails\aug_0_9562.jpg,224,224,166.07,74.94,196.65,24.17,0.65,4ebeae91a6759286e96086a3c3491317,OK
test,healthy_nails,aug_0_9749.jpg,D:\NUTRITION_DEFICIENCY_DETECTOR\Model_Training\dataset\test\healthy_nails\aug_0_9749.jpg,224,224,177.67,58.37,69.63,8.9,0.04,aa66921c924eff09d45ed639bd44438b,OK
test,iron_deficiency,000001.jpg,D:\NUTRITION_DEFICIENCY_DETECTOR\Model_Training\dataset\test\iron_deficiency\000001.jpg,224,224,111.5,84.92,396.6,2.69,23.02,396f202d9b485f64b5442153c64002d7,OK
test,iron_deficiency,000006.jpg,D:\NUTRITION_DEFICIENCY_DETECTOR\Model_Training\dataset\test\iron_deficiency\000006.jpg,224,224,170.53,59.34,147.93,1.93,0.0,f64af507bef58806b1c5fbb90dd3c4ae,OK
test,iron_deficiency,000024.jpg,D:\NUTRITION_DEFICIENCY_DETECTOR\Model_Training\dataset\test\iron_deficiency\000024.jpg,224,224,238.29,35.93,35.67,77.36,0.0,910f7649e6161f667ba09b9869456aeb,BLURRY|VERY_BRIGHT|OVEREXPOSED
test,iron_deficiency,000030.jpg,D:\NUTRITION_DEFICIENCY_DETECTOR\Model_Training\dataset\test\iron_deficiency\000030.jpg,224,224,148.29,47.17,536.66,1.96,0.0,a8e8b135ba1c35146d998281cd613895,OK
test,iron_deficiency,000034.jpg,D:\NUTRITION_DEFICIENCY_DETECTOR\Model_Training\dataset\test\iron_deficiency\000034.jpg,224,224,190.8,70.21,202.58,34.86,0.01,33bb712a0a8a453ee21db80c427c2a2d,OK
test,iron_deficiency,000035.jpg,D:\NUTRITION_DEFICIENCY_DETECTOR\Model_Training\dataset\test\iron_deficiency\000035.jpg,224,224,142.7,95.39,1031.54,25.32,17.02,ec11891cd24c4ca6226a641b097e3d2e,OK
test,iron_deficiency,aug_0_1111.jpg,D:\NUTRITION_DEFICIENCY_DETECTOR\Model_Training\dataset\test\iron_deficiency\aug_0_1111.jpg,224,224,171.48,78.9,127.37,25.18,3.57,dd8b7de312155117feb2f271b5c112b9,OK
test,iron_deficiency,aug_0_1367.jpg,D:\NUTRITION_DEFICIENCY_DETECTOR\Model_Training\dataset\test\iron_deficiency\aug_0_1367.jpg,224,224,174.41,70.1,97.7,22.73,0.39,445a4417128e5a26b98013e8ac8215c2,OK
test,iron_deficiency,aug_0_2002.jpg,D:\NUTRITION_DEFICIENCY_DETECTOR\Model_Training\dataset\test\iron_deficiency\aug_0_2002.jpg,224,224,166.44,54.34,225.68,4.19,0.0,52dbc67bb0e7b3488a3af17f39af782d,OK
test,iron_deficiency,aug_0_2031.jpg,D:\NUTRITION_DEFICIENCY_DETECTOR\Model_Training\dataset\test\iron_deficiency\aug_0_2031.jpg,224,224,153.78,68.41,251.61,4.24,0.46,c4616b5cf29474207b9c7a9b7f12e39b,OK
test,iron_deficiency,aug_0_355.jpg,D:\NUTRITION_DEFICIENCY_DETECTOR\Model_Training\dataset\test\iron_deficiency\aug_0_355.jpg,224,224,202.8,60.29,135.72,32.71,0.0,3566104ba8e9b193eae16938c2707981,OK
test,iron_deficiency,aug_0_3945.jpg,D:\NUTRITION_DEFICIENCY_DETECTOR\Model_Training\dataset\test\iron_deficiency\aug_0_3945.jpg,224,224,159.73,60.91,552.17,8.58,0.0,40e8bc6820ebe8f7c6f437f37a88e272,OK
test,iron_deficiency,aug_0_4914.jpg,D:\NUTRITION_DEFICIENCY_DETECTOR\Model_Training\dataset\test\iron_deficiency\aug_0_4914.jpg,224,224,150.22,73.83,143.43,1.1,13.55,bf11934671abbaeb0806ce7e7d33b51b,OK
test,iron_deficiency,aug_0_5199.jpg,D:\NUTRITION_DEFICIENCY_DETECTOR\Model_Training\dataset\test\iron_deficiency\aug_0_5199.jpg,224,224,111.16,96.92,43.8,13.69,32.14,e9363c10505e4631ee4d5a44eadca3e9,BLURRY
test,iron_deficiency,aug_0_5636.jpg,D:\NUTRITION_DEFICIENCY_DETECTOR\Model_Training\dataset\test\iron_deficiency\aug_0_5636.jpg,224,224,172.62,53.95,116.71,1.45,2.7,cf1c894f8f1baaf9f1e59fbacb4364d0,OK
test,iron_deficiency,aug_0_7597.jpg,D:\NUTRITION_DEFICIENCY_DETECTOR\Model_Training\dataset\test\iron_deficiency\aug_0_7597.jpg,224,224,162.82,80.94,145.93,25.88,3.81,e69ab8f70578a984e9c6ef5eaab3596f,OK
test,iron_deficiency,aug_0_7730.jpg,D:\NUTRITION_DEFICIENCY_DETECTOR\Model_Training\dataset\test\iron_deficiency\aug_0_7730.jpg,224,224,100.34,89.41,40.95,2.26,39.05,2737096b7e0eeffe29c50e05f539594f,BLURRY
test,iron_deficiency,aug_0_7755.jpg,D:\NUTRITION_DEFICIENCY_DETECTOR\Model_Training\dataset\test\iron_deficiency\aug_0_7755.jpg,224,224,145.2,81.83,140.15,8.33,11.8,af1154761bc2eb395298f3085a85caf9,OK
test,iron_deficiency,aug_0_8368.jpg,D:\NUTRITION_DEFICIENCY_DETECTOR\Model_Training\dataset\test\iron_deficiency\aug_0_8368.jpg,224,224,211.14,62.1,134.91,52.01,0.0,08b784ccebe22e9f143f002c350de385,OK
test,iron_deficiency,aug_0_854.jpg,D:\NUTRITION_DEFICIENCY_DETECTOR\Model_Training\dataset\test\iron_deficiency\aug_0_854.jpg,224,224,183.02,59.9,215.71,18.76,0.0,b184137cf2c0a2a8332d687ef43435f9,OK
test,iron_deficiency,aug_0_8800.jpg,D:\NUTRITION_DEFICIENCY_DETECTOR\Model_Training\dataset\test\iron_deficiency\aug_0_8800.jpg,224,224,194.84,61.77,136.83,23.0,0.0,64733dd681e8bbfa49d11fee5567ac80,OK
test,iron_deficiency,aug_0_9072.jpg,D:\NUTRITION_DEFICIENCY_DETECTOR\Model_Training\dataset\test\iron_deficiency\aug_0_9072.jpg,224,224,231.25,40.23,96.79,64.6,0.0,58e88d5f280117d10e691735ad5113a7,VERY_BRIGHT|OVEREXPOSED
test,iron_deficiency,aug_0_913.jpg,D:\NUTRITION_DEFICIENCY_DETECTOR\Model_Training\dataset\test\iron_deficiency\aug_0_913.jpg,224,224,206.03,54.38,142.32,36.3,0.0,0ea641b46b74fc6cb05f572ab9fa9202,OK
test,iron_deficiency,aug_0_938.jpg,D:\NUTRITION_DEFICIENCY_DETECTOR\Model_Training\dataset\test\iron_deficiency\aug_0_938.jpg,224,224,123.82,85.33,223.04,3.29,25.71,4bfba05dad4a9deadd33fafdb0754ebf,OK
test,iron_deficiency,aug_0_967.jpg,D:\NUTRITION_DEFICIENCY_DETECTOR\Model_Training\dataset\test\iron_deficiency\aug_0_967.jpg,224,224,136.22,88.07,125.4,9.08,17.98,88e6038a4bd740e97eff0ee3292933ab,OK
test,vitamin_b12_deficiency,000003.jpg,D:\NUTRITION_DEFICIENCY_DETECTOR\Model_Training\dataset\test\vitamin_b12_deficiency\000003.jpg,224,224,139.55,68.53,113.76,8.27,0.01,edbd59289e1b3cbd07363b53bd54b5a1,OK
test,vitamin_b12_deficiency,000024.jpg,D:\NUTRITION_DEFICIENCY_DETECTOR\Model_Training\dataset\test\vitamin_b12_deficiency\000024.jpg,224,224,188.13,56.96,160.27,23.66,0.0,9809e5872474c64c50199737aac02126,OK
test,vitamin_b12_deficiency,000025.jpg,D:\NUTRITION_DEFICIENCY_DETECTOR\Model_Training\dataset\test\vitamin_b12_deficiency\000025.jpg,224,224,193.45,58.82,144.19,32.25,0.0,623a9a06fbf2de48cd1625d40e270aef,OK
test,vitamin_b12_deficiency,000037.jpg,D:\NUTRITION_DEFICIENCY_DETECTOR\Model_Training\dataset\test\vitamin_b12_deficiency\000037.jpg,224,224,174.5,61.88,219.09,12.37,0.04,9e14d19bfb231c73ce3a54059dca5e2d,OK
test,vitamin_b12_deficiency,aug_0_1047.jpg,D:\NUTRITION_DEFICIENCY_DETECTOR\Model_Training\dataset\test\vitamin_b12_deficiency\aug_0_1047.jpg,224,224,182.65,55.31,53.99,24.95,0.0,d1bf96d02a7baf8dc2f81c84c517d463,OK
test,vitamin_b12_deficiency,aug_0_144.jpg,D:\NUTRITION_DEFICIENCY_DETECTOR\Model_Training\dataset\test\vitamin_b12_deficiency\aug_0_144.jpg,224,224,191.67,63.41,167.16,24.95,0.08,d380c8eb1a066ba4771be5731dfcc400,OK
test,vitamin_b12_deficiency,aug_0_2304.jpg,D:\NUTRITION_DEFICIENCY_DETECTOR\Model_Training\dataset\test\vitamin_b12_deficiency\aug_0_2304.jpg,224,224,135.93,78.53,62.61,3.24,13.24,a33a77e9cdf3f64b63e434ef45b6574d,OK
test,vitamin_b12_deficiency,aug_0_2666.jpg,D:\NUTRITION_DEFICIENCY_DETECTOR\Model_Training\dataset\test\vitamin_b12_deficiency\aug_0_2666.jpg,224,224,231.46,43.74,37.68,67.48,0.0,283b5bdcb0381ee3ba718ff779f6d9d3,BLURRY|VERY_BRIGHT|OVEREXPOSED
test,vitamin_b12_deficiency,aug_0_2873.jpg,D:\NUTRITION_DEFICIENCY_DETECTOR\Model_Training\dataset\test\vitamin_b12_deficiency\aug_0_2873.jpg,224,224,180.22,58.11,111.21,18.43,0.0,17f846322bea2ce7e3985dc9b56a9de5,OK
test,vitamin_b12_deficiency,aug_0_2914.jpg,D:\NUTRITION_DEFICIENCY_DETECTOR\Model_Training\dataset\test\vitamin_b12_deficiency\aug_0_2914.jpg,224,224,156.36,54.0,268.9,0.89,0.0,f54144ce187c23625d8792f1ba39d289,OK
test,vitamin_b12_deficiency,aug_0_3329.jpg,D:\NUTRITION_DEFICIENCY_DETECTOR\Model_Training\dataset\test\vitamin_b12_deficiency\aug_0_3329.jpg,224,224,188.51,63.8,200.47,27.75,0.02,00a858407d9b57ce386da8ba1db7f65a,OK
test,vitamin_b12_deficiency,aug_0_3665.jpg,D:\NUTRITION_DEFICIENCY_DETECTOR\Model_Training\dataset\test\vitamin_b12_deficiency\aug_0_3665.jpg,224,224,162.28,76.64,245.62,29.22,1.41,bc94c1ad990b04074a059e858fba23c9,OK
test,vitamin_b12_deficiency,aug_0_4042.jpg,D:\NUTRITION_DEFICIENCY_DETECTOR\Model_Training\dataset\test\vitamin_b12_deficiency\aug_0_4042.jpg,224,224,192.61,58.22,115.12,23.64,0.32,9cfe0f0a61daaf0fd4e623b50f02946a,OK
test,vitamin_b12_deficiency,aug_0_4697.jpg,D:\NUTRITION_DEFICIENCY_DETECTOR\Model_Training\dataset\test\vitamin_b12_deficiency\aug_0_4697.jpg,224,224,167.27,53.09,250.29,1.58,0.0,362c1380af7d32d3a9c1950c6adcec1d,OK
test,vitamin_b12_deficiency,aug_0_5080.jpg,D:\NUTRITION_DEFICIENCY_DETECTOR\Model_Training\dataset\test\vitamin_b12_deficiency\aug_0_5080.jpg,224,224,160.98,66.51,62.03,0.27,9.74,c07a895076e07c7ebd0b6d5d715ec0e8,OK
test,vitamin_b12_deficiency,aug_0_5504.jpg,D:\NUTRITION_DEFICIENCY_DETECTOR\Model_Training\dataset\test\vitamin_b12_deficiency\aug_0_5504.jpg,224,224,157.79,71.55,132.84,13.02,0.39,f0cf52b84337efe64a6d10bc3e2167fb,OK
test,vitamin_b12_deficiency,aug_0_6247.jpg,D:\NUTRITION_DEFICIENCY_DETECTOR\Model_Training\dataset\test\vitamin_b12_deficiency\aug_0_6247.jpg,224,224,179.09,62.2,203.22,13.21,0.1,e2e1bce30da6e33e7310c988059bb999,OK
test,vitamin_b12_deficiency,aug_0_6878.jpg,D:\NUTRITION_DEFICIENCY_DETECTOR\Model_Training\dataset\test\vitamin_b12_deficiency\aug_0_6878.jpg,224,224,219.25,41.34,78.17,41.69,0.0,9a1f4abbfdff6baf6bfe4019bca21a1b,OK
test,vitamin_b12_deficiency,aug_0_7278.jpg,D:\NUTRITION_DEFICIENCY_DETECTOR\Model_Training\dataset\test\vitamin_b12_deficiency\aug_0_7278.jpg,224,224,201.25,56.26,83.66,16.63,0.44,99d9341c24a1b8f97534b480634aae98,OK
test,vitamin_b12_deficiency,aug_0_762.jpg,D:\NUTRITION_DEFICIENCY_DETECTOR\Model_Training\dataset\test\vitamin_b12_deficiency\aug_0_762.jpg,224,224,173.05,60.15,191.18,18.77,0.0,d39f66009e6284da333aceeae5cfa39a,OK
test,vitamin_b12_deficiency,aug_0_8509.jpg,D:\NUTRITION_DEFICIENCY_DETECTOR\Model_Training\dataset\test\vitamin_b12_deficiency\aug_0_8509.jpg,224,224,175.31,60.99,54.39,25.44,0.0,f42ef87b1bc425760a385f8fca7a79f1,OK
test,vitamin_b12_deficiency,aug_0_8760.jpg,D:\NUTRITION_DEFICIENCY_DETECTOR\Model_Training\dataset\test\vitamin_b12_deficiency\aug_0_8760.jpg,224,224,192.12,65.27,198.27,29.69,0.06,a1edb7f6586b7d80f00179f271a08d06,OK
test,vitamin_b12_deficiency,aug_0_9044.jpg,D:\NUTRITION_DEFICIENCY_DETECTOR\Model_Training\dataset\test\vitamin_b12_deficiency\aug_0_9044.jpg,224,224,178.07,69.33,107.59,32.05,0.01,17481461db8b45e2be293694fc92ef16,OK
test,vitamin_b12_deficiency,aug_0_948.jpg,D:\NUTRITION_DEFICIENCY_DETECTOR\Model_Training\dataset\test\vitamin_b12_deficiency\aug_0_948.jpg,224,224,181.93,50.24,121.31,8.44,0.01,20662b0c37aecbe91b1904ea46dc2801,OK
test,vitamin_b12_deficiency,aug_0_9544.jpg,D:\NUTRITION_DEFICIENCY_DETECTOR\Model_Training\dataset\test\vitamin_b12_deficiency\aug_0_9544.jpg,224,224,237.04,32.72,36.76,69.71,0.0,e5add8d4994914f66d6f41ad1a2dc561,BLURRY|VERY_BRIGHT|OVEREXPOSED
test,vitamin_b12_deficiency,aug_0_9724.jpg,D:\NUTRITION_DEFICIENCY_DETECTOR\Model_Training\dataset\test\vitamin_b12_deficiency\aug_0_9724.jpg,224,224,228.22,31.86,61.01,44.14,0.0,99a037cb2c8f8c94fad68b2908f9d547,VERY_BRIGHT
test,vitamin_b12_deficiency,aug_0_9763.jpg,D:\NUTRITION_DEFICIENCY_DETECTOR\Model_Training\dataset\test\vitamin_b12_deficiency\aug_0_9763.jpg,224,224,152.97,42.36,162.43,0.59,0.0,32c68710cdb6165a4289a8ec7d3aa24e,OK
test,vitamin_b12_deficiency,aug_0_9820.jpg,D:\NUTRITION_DEFICIENCY_DETECTOR\Model_Training\dataset\test\vitamin_b12_deficiency\aug_0_9820.jpg,224,224,150.95,70.02,139.93,8.6,0.33,30926bf33de841ea090866ad47c9afe6,OK
test,vitamin_b12_deficiency,aug_0_9922.jpg,D:\NUTRITION_DEFICIENCY_DETECTOR\Model_Training\dataset\test\vitamin_b12_deficiency\aug_0_9922.jpg,224,224,237.89,41.39,46.01,81.28,0.02,744bb7501f1633eb50296252f96c3c47,BLURRY|VERY_BRIGHT|OVEREXPOSED
test,vitamin_b12_deficiency,aug_0_9939.jpg,D:\NUTRITION_DEFICIENCY_DETECTOR\Model_Training\dataset\test\vitamin_b12_deficiency\aug_0_9939.jpg,224,224,238.26,31.69,37.08,71.35,0.0,1f5ca2de2e382388085c9cb33f0a1b86,BLURRY|VERY_BRIGHT|OVEREXPOSED
test,vitamin_d_deficiency,000009.jpg,D:\NUTRITION_DEFICIENCY_DETECTOR\Model_Training\dataset\test\vitamin_d_deficiency\000009.jpg,224,224,193.66,58.77,133.61,32.59,0.0,4e1d1c353985649516c42a32e919ce9f,OK
test,vitamin_d_deficiency,000015.jpg,D:\NUTRITION_DEFICIENCY_DETECTOR\Model_Training\dataset\test\vitamin_d_deficiency\000015.jpg,224,224,141.56,63.57,19.06,8.78,0.0,603151963441ee78d618cf24dc5ad07c,BLURRY
test,vitamin_d_deficiency,000031.png,D:\NUTRITION_DEFICIENCY_DETECTOR\Model_Training\dataset\test\vitamin_d_deficiency\000031.png,224,224,148.49,75.28,81.02,4.19,0.0,205d104c24acb7416fdb3f9571146b4f,OK
test,vitamin_d_deficiency,000033.jpg,D:\NUTRITION_DEFICIENCY_DETECTOR\Model_Training\dataset\test\vitamin_d_deficiency\000033.jpg,224,224,84.21,61.02,86.85,1.04,0.0,bcfb69e04c4e9b0d50223fd016318bec,OK
test,vitamin_d_deficiency,aug_0_1197.jpg,D:\NUTRITION_DEFICIENCY_DETECTOR\Model_Training\dataset\test\vitamin_d_deficiency\aug_0_1197.jpg,224,224,198.64,64.94,180.8,40.6,0.06,71d6702c517d9218c2eef7e09ef51f0e,OK
test,vitamin_d_deficiency,aug_0_1570.jpg,D:\NUTRITION_DEFICIENCY_DETECTOR\Model_Training\dataset\test\vitamin_d_deficiency\aug_0_1570.jpg,224,224,177.02,67.5,112.44,20.12,0.0,7a6a8034a887ba4e65c3135875125ce0,OK
test,vitamin_d_deficiency,aug_0_190.jpg,D:\NUTRITION_DEFICIENCY_DETECTOR\Model_Training\dataset\test\vitamin_d_deficiency\aug_0_190.jpg,224,224,218.03,45.52,92.32,47.41,0.0,6be1dba62c065c4d10097a5fc016ea82,OK
test,vitamin_d_deficiency,aug_0_2145.jpg,D:\NUTRITION_DEFICIENCY_DETECTOR\Model_Training\dataset\test\vitamin_d_deficiency\aug_0_2145.jpg,224,224,154.37,84.41,314.64,23.71,7.94,9e848c908e0c6b7acbbcd2763d194d82,OK
test,vitamin_d_deficiency,aug_0_2352.jpg,D:\NUTRITION_DEFICIENCY_DETECTOR\Model_Training\dataset\test\vitamin_d_deficiency\aug_0_2352.jpg,224,224,120.07,67.47,15.01,5.81,0.0,b6e8a202d0001868c1b511c9de84f92c,BLURRY
test,vitamin_d_deficiency,aug_0_2557.jpg,D:\NUTRITION_DEFICIENCY_DETECTOR\Model_Training\dataset\test\vitamin_d_deficiency\aug_0_2557.jpg,224,224,186.32,62.25,1046.08,25.14,0.79,66685f3dcf63a4412e5de2200cbc6b84,OK
test,vitamin_d_deficiency,aug_0_2654.jpg,D:\NUTRITION_DEFICIENCY_DETECTOR\Model_Training\dataset\test\vitamin_d_deficiency\aug_0_2654.jpg,224,224,184.47,50.6,240.64,12.18,0.2,2f58688aad7b0f82e819af83d6bd3a6d,OK
test,vitamin_d_deficiency,aug_0_3263.jpg,D:\NUTRITION_DEFICIENCY_DETECTOR\Model_Training\dataset\test\vitamin_d_deficiency\aug_0_3263.jpg,224,224,192.38,66.45,139.81,33.0,0.0,573cbdb89d2ee8370816ce324a1dd9cf,OK
test,vitamin_d_deficiency,aug_0_362.jpg,D:\NUTRITION_DEFICIENCY_DETECTOR\Model_Training\dataset\test\vitamin_d_deficiency\aug_0_362.jpg,224,224,71.83,61.61,65.47,0.91,3.44,6eba8bde4c1c2d13733610e24dee5019,OK
test,vitamin_d_deficiency,aug_0_4089.jpg,D:\NUTRITION_DEFICIENCY_DETECTOR\Model_Training\dataset\test\vitamin_d_deficiency\aug_0_4089.jpg,224,224,229.65,35.75,86.8,52.31,0.0,76fb0dea10abe860222ea9f01988476f,VERY_BRIGHT
test,vitamin_d_deficiency,aug_0_419.jpg,D:\NUTRITION_DEFICIENCY_DETECTOR\Model_Training\dataset\test\vitamin_d_deficiency\aug_0_419.jpg,224,224,154.59,71.63,212.63,20.48,1.14,9da3265b33ffbbeed11fcbc9fa094397,OK
test,vitamin_d_deficiency,aug_0_5488.jpg,D:\NUTRITION_DEFICIENCY_DETECTOR\Model_Training\dataset\test\vitamin_d_deficiency\aug_0_5488.jpg,224,224,160.92,48.56,142.96,2.96,0.0,78c45cf833407f0c0fcbdbf15b2a43b4,OK
test,vitamin_d_deficiency,aug_0_5700.jpg,D:\NUTRITION_DEFICIENCY_DETECTOR\Model_Training\dataset\test\vitamin_d_deficiency\aug_0_5700.jpg,224,224,190.97,60.7,926.19,28.03,0.47,e63d0d96fca29d4e357edb4f4806e42a,OK
test,vitamin_d_deficiency,aug_0_5849.jpg,D:\NUTRITION_DEFICIENCY_DETECTOR\Model_Training\dataset\test\vitamin_d_deficiency\aug_0_5849.jpg,224,224,188.37,48.16,90.29,18.1,0.0,f4319b2db47d0e8a8b9d49b50da36394,OK
test,vitamin_d_deficiency,aug_0_6245.jpg,D:\NUTRITION_DEFICIENCY_DETECTOR\Model_Training\dataset\test\vitamin_d_deficiency\aug_0_6245.jpg,224,224,166.23,46.84,127.23,2.4,0.05,a412c117e10fa88e1f996b7e6f182b18,OK
test,vitamin_d_deficiency,aug_0_6317.jpg,D:\NUTRITION_DEFICIENCY_DETECTOR\Model_Training\dataset\test\vitamin_d_deficiency\aug_0_6317.jpg,224,224,182.09,63.83,49.7,24.53,0.0,c5c08f53d4fc072224fa71eb2cf4d958,BLURRY
test,vitamin_d_deficiency,aug_0_703.jpg,D:\NUTRITION_DEFICIENCY_DETECTOR\Model_Training\dataset\test\vitamin_d_deficiency\aug_0_703.jpg,224,224,170.43,59.9,47.13,2.13,0.01,9012048d65c2463bb27baa933dc79d8a,BLURRY
test,vitamin_d_deficiency,aug_0_7165.jpg,D:\NUTRITION_DEFICIENCY_DETECTOR\Model_Training\dataset\test\vitamin_d_deficiency\aug_0_7165.jpg,224,224,222.38,41.94,116.15,46.81,0.0,626dc2f284d03636b72e2a9b5f79f217,VERY_BRIGHT
test,vitamin_d_deficiency,aug_0_7262.jpg,D:\NUTRITION_DEFICIENCY_DETECTOR\Model_Training\dataset\test\vitamin_d_deficiency\aug_0_7262.jpg,224,224,78.3,70.27,75.01,2.59,5.12,5984cd7c525b0ca61a93feef2a5de6c2,OK
test,vitamin_d_deficiency,aug_0_7564.jpg,D:\NUTRITION_DEFICIENCY_DETECTOR\Model_Training\dataset\test\vitamin_d_deficiency\aug_0_7564.jpg,224,224,173.27,48.2,88.34,2.19,0.01,da9dd75005372b873f4d673f911b7b18,OK
test,vitamin_d_deficiency,aug_0_7921.jpg,D:\NUTRITION_DEFICIENCY_DETECTOR\Model_Training\dataset\test\vitamin_d_deficiency\aug_0_7921.jpg,224,224,195.42,61.09,54.6,35.55,0.0,dfc6a99e82c711c18c99c66a6f80da51,OK
test,vitamin_d_deficiency,aug_0_7999.jpg,D:\NUTRITION_DEFICIENCY_DETECTOR\Model_Training\dataset\test\vitamin_d_deficiency\aug_0_7999.jpg,224,224,112.85,66.45,111.52,5.7,6.93,941a5f9398c41b917bdb5d5b1a81cec2,OK
test,vitamin_d_deficiency,aug_0_806.jpg,D:\NUTRITION_DEFICIENCY_DETECTOR\Model_Training\dataset\test\vitamin_d_deficiency\aug_0_806.jpg,224,224,127.79,60.57,94.18,5.35,0.25,276026981107fe0e9fff45161675cb3d,OK
test,vitamin_d_deficiency,aug_0_8201.jpg,D:\NUTRITION_DEFICIENCY_DETECTOR\Model_Training\dataset\test\vitamin_d_deficiency\aug_0_8201.jpg,224,224,158.55,67.5,83.66,10.71,1.44,7f8a2d478467fafc4f35af48f54bb9e4,OK
test,vitamin_d_deficiency,aug_0_8769.jpg,D:\NUTRITION_DEFICIENCY_DETECTOR\Model_Training\dataset\test\vitamin_d_deficiency\aug_0_8769.jpg,224,224,124.13,60.22,72.83,6.62,0.3,ef7a0593be276607520e196dfe1bf041,OK
test,vitamin_d_deficiency,aug_0_9234.jpg,D:\NUTRITION_DEFICIENCY_DETECTOR\Model_Training\dataset\test\vitamin_d_deficiency\aug_0_9234.jpg,224,224,128.8,68.46,77.45,6.61,0.1,3d1a9a2ce4bf529d4b53c698dd0f7705,OK
test,vitamin_d_deficiency,aug_0_9324.jpg,D:\NUTRITION_DEFICIENCY_DETECTOR\Model_Training\dataset\test\vitamin_d_deficiency\aug_0_9324.jpg,224,224,162.37,47.11,186.9,2.33,0.0,3d9ef60e4d3ed9d144e8c424401a8e97,OK
test,vitamin_d_deficiency,aug_0_9744.jpg,D:\NUTRITION_DEFICIENCY_DETECTOR\Model_Training\dataset\test\vitamin_d_deficiency\aug_0_9744.jpg,224,224,155.15,72.37,98.34,13.55,4.24,91e4dff5b8cce9ac9fd2143a8eb2c8c6,OK
